t,wx,wy,wz,ax,ay,az,qw,qx,qy,qz
0.008333332,0.000000000,0.000000000,0.000000000,0.000000000,0.000000000,9.800000000,1.000000000,0.000000000,0.000000000,0.000000000
0.012499998,0.000000000,0.000000000,0.000000000,0.000000000,0.000000000,9.800000000,1.000000000,0.000000000,0.000000000,0.000000000
0.016666664,0.000000000,0.000000000,0.000000000,0.000000000,0.000000000,9.800000000,1.000000000,0.000000000,0.000000000,0.000000000
0.020833330,0.000000000,0.000000000,0.000000000,0.000000000,0.000000000,9.800000000,1.000000000,0.000000000,0.000000000,0.000000000
0.029166662,0.000000000,0.000000000,0.000000000,0.000000000,0.000000000,9.800000000,1.000000000,0.000000000,0.000000000,0.000000000
0.033333328,0.000000000,0.000000000,0.000000000,0.000000000,0.000000000,9.800000000,1.000000000,0.000000000,0.000000000,0.000000000
0.037499994,0.000000000,0.000000000,0.000000000,0.000000000,0.000000000,9.800000000,1.000000000,0.000000000,0.000000000,0.000000000
0.041666660,0.000000000,0.000000000,0.000000000,0.000000000,0.000000000,9.800000000,1.000000000,0.000000000,0.000000000,0.000000000
0.045833326,0.000000000,0.000000000,0.000000000,0.000000000,0.000000000,9.800000000,1.000000000,0.000000000,0.000000000,0.000000000
0.054166658,0.000000000,0.000000000,0.000000000,0.000000000,0.000000000,9.800000000,1.000000000,0.000000000,0.000000000,0.000000000
0.058333324,0.000000000,0.000000000,0.000000000,0.000000000,0.000000000,9.800000000,1.000000000,0.000000000,0.000000000,0.000000000
0.062499990,0.000000000,0.000000000,0.000000000,0.000000000,0.000000000,9.800000000,1.000000000,0.000000000,0.000000000,0.000000000
0.066666656,0.000000000,0.000000000,0.000000000,0.000000000,0.000000000,9.800000000,1.000000000,0.000000000,0.000000000,0.000000000
0.070833322,0.000000000,0.000000000,0.000000000,0.000000000,0.000000000,9.800000000,1.000000000,0.000000000,0.000000000,0.000000000
0.079166654,0.000000000,0.000000000,0.000000000,0.000000000,0.000000000,9.800000000,1.000000000,0.000000000,0.000000000,0.000000000
0.083333320,0.000000000,0.000000000,0.000000000,0.000000000,0.000000000,9.800000000,1.000000000,0.000000000,0.000000000,0.000000000
0.087499986,0.000000000,0.000000000,0.000000000,0.000000000,0.000000000,9.800000000,1.000000000,0.000000000,0.000000000,0.000000000
0.091666652,0.000000000,0.000000000,0.000000000,0.000000000,0.000000000,9.800000000,1.000000000,0.000000000,0.000000000,0.000000000
0.095833318,0.000000000,0.000000000,0.000000000,0.000000000,0.000000000,9.800000000,1.000000000,0.000000000,0.000000000,0.000000000
0.104166650,0.000000000,0.000000000,0.000000000,0.000000000,0.000000000,9.800000000,1.000000000,0.000000000,0.000000000,0.000000000
0.108333316,0.000000000,0.000000000,0.000000000,0.000000000,0.000000000,9.800000000,1.000000000,0.000000000,0.000000000,0.000000000
0.112499982,0.000000000,0.000000000,0.000000000,0.000000000,0.000000000,9.800000000,1.000000000,0.000000000,0.000000000,0.000000000
0.116666648,0.000000000,0.000000000,0.000000000,0.000000000,0.000000000,9.800000000,1.000000000,0.000000000,0.000000000,0.000000000
0.120833314,0.000000000,0.000000000,0.000000000,0.000000000,0.000000000,9.800000000,1.000000000,0.000000000,0.000000000,0.000000000
0.129166646,0.000000000,0.000000000,0.000000000,0.000000000,0.000000000,9.800000000,1.000000000,0.000000000,0.000000000,0.000000000
0.133333312,0.000000000,0.000000000,0.000000000,0.000000000,0.000000000,9.800000000,1.000000000,0.000000000,0.000000000,0.000000000
0.137499978,0.000000000,0.000000000,0.000000000,0.000000000,0.000000000,9.800000000,1.000000000,0.000000000,0.000000000,0.000000000
0.141666644,0.000000000,0.000000000,0.000000000,0.000000000,0.000000000,9.800000000,1.000000000,0.000000000,0.000000000,0.000000000
0.145833310,0.000000000,0.000000000,0.000000000,0.000000000,0.000000000,9.800000000,1.000000000,0.000000000,0.000000000,0.000000000
0.154166642,0.000000000,0.000000000,0.000000000,0.000000000,0.000000000,9.800000000,1.000000000,0.000000000,0.000000000,0.000000000
0.158333308,0.000000000,0.000000000,0.000000000,0.000000000,0.000000000,9.800000000,1.000000000,0.000000000,0.000000000,0.000000000
0.162499974,0.000000000,0.000000000,0.000000000,0.000000000,0.000000000,9.800000000,1.000000000,0.000000000,0.000000000,0.000000000
0.166666640,0.000000000,0.000000000,0.000000000,0.000000000,0.000000000,9.800000000,1.000000000,0.000000000,0.000000000,0.000000000
0.170833306,0.000000000,0.000000000,0.000000000,0.000000000,0.000000000,9.800000000,1.000000000,0.000000000,0.000000000,0.000000000
0.179166638,0.000000000,0.000000000,0.000000000,0.000000000,0.000000000,9.800000000,1.000000000,0.000000000,0.000000000,0.000000000
0.183333304,0.000000000,0.000000000,0.000000000,0.000000000,0.000000000,9.800000000,1.000000000,0.000000000,0.000000000,0.000000000
0.187499970,0.000000000,0.000000000,0.000000000,0.000000000,0.000000000,9.800000000,1.000000000,0.000000000,0.000000000,0.000000000
0.191666636,0.000000000,0.000000000,0.000000000,0.000000000,0.000000000,9.800000000,1.000000000,0.000000000,0.000000000,0.000000000
0.195833302,0.000000000,0.000000000,0.000000000,0.000000000,0.000000000,9.800000000,1.000000000,0.000000000,0.000000000,0.000000000
0.204166634,0.000000000,0.000000000,0.000000000,0.000000000,0.000000000,9.800000000,1.000000000,0.000000000,0.000000000,0.000000000
0.208333300,0.000000000,0.000000000,0.000000000,0.000000000,0.000000000,9.800000000,1.000000000,0.000000000,0.000000000,0.000000000
0.212499966,0.000000000,0.000000000,0.000000000,0.000000000,0.000000000,9.800000000,1.000000000,0.000000000,0.000000000,0.000000000
0.216666632,0.000000000,0.000000000,0.000000000,0.000000000,0.000000000,9.800000000,1.000000000,0.000000000,0.000000000,0.000000000
0.220833298,0.000000000,0.000000000,0.000000000,0.000000000,0.000000000,9.800000000,1.000000000,0.000000000,0.000000000,0.000000000
0.229166630,0.000000000,0.000000000,0.000000000,0.000000000,0.000000000,9.800000000,1.000000000,0.000000000,0.000000000,0.000000000
0.233333296,0.000000000,0.000000000,0.000000000,0.000000000,0.000000000,9.800000000,1.000000000,0.000000000,0.000000000,0.000000000
0.237499962,0.000000000,0.000000000,0.000000000,0.000000000,0.000000000,9.800000000,1.000000000,0.000000000,0.000000000,0.000000000
0.241666628,0.000000000,0.000000000,0.000000000,0.000000000,0.000000000,9.800000000,1.000000000,0.000000000,0.000000000,0.000000000
0.245833294,0.000000000,0.000000000,0.000000000,0.000000000,0.000000000,9.800000000,1.000000000,0.000000000,0.000000000,0.000000000
0.254166626,0.000000000,0.000000000,0.000000000,0.000000000,0.000000000,9.800000000,1.000000000,0.000000000,0.000000000,0.000000000
0.258333292,0.000000000,0.000000000,0.000000000,0.000000000,0.000000000,9.800000000,1.000000000,0.000000000,0.000000000,0.000000000
0.262499958,0.000000000,0.000000000,0.000000000,0.000000000,0.000000000,9.800000000,1.000000000,0.000000000,0.000000000,0.000000000
0.266666624,0.000000000,0.000000000,0.000000000,0.000000000,0.000000000,9.800000000,1.000000000,0.000000000,0.000000000,0.000000000
0.270833290,0.000000000,0.000000000,0.000000000,0.000000000,0.000000000,9.800000000,1.000000000,0.000000000,0.000000000,0.000000000
0.279166622,0.000000000,0.000000000,0.000000000,0.000000000,0.000000000,9.800000000,1.000000000,0.000000000,0.000000000,0.000000000
0.283333288,0.000000000,0.000000000,0.000000000,0.000000000,0.000000000,9.800000000,1.000000000,0.000000000,0.000000000,0.000000000
0.287499954,0.000000000,0.000000000,0.000000000,0.000000000,0.000000000,9.800000000,1.000000000,0.000000000,0.000000000,0.000000000
0.291666620,0.000000000,0.000000000,0.000000000,0.000000000,0.000000000,9.800000000,1.000000000,0.000000000,0.000000000,0.000000000
0.295833286,0.000000000,0.000000000,0.000000000,0.000000000,0.000000000,9.800000000,1.000000000,0.000000000,0.000000000,0.000000000
0.304166618,0.000000000,0.000000000,0.000000000,0.000000000,0.000000000,9.800000000,1.000000000,0.000000000,0.000000000,0.000000000
0.308333284,0.000000000,0.000000000,0.000000000,0.000000000,0.000000000,9.800000000,1.000000000,0.000000000,0.000000000,0.000000000
0.312499950,0.000000000,0.000000000,0.000000000,0.000000000,0.000000000,9.800000000,1.000000000,0.000000000,0.000000000,0.000000000
0.316666616,0.000000000,0.000000000,0.000000000,0.000000000,0.000000000,9.800000000,1.000000000,0.000000000,0.000000000,0.000000000
0.320833282,0.000000000,0.000000000,0.000000000,0.000000000,0.000000000,9.800000000,1.000000000,0.000000000,0.000000000,0.000000000
0.329166614,0.000000000,0.000000000,0.000000000,0.000000000,0.000000000,9.800000000,1.000000000,0.000000000,0.000000000,0.000000000
0.333333280,0.000000000,0.000000000,0.000000000,0.000000000,0.000000000,9.800000000,1.000000000,0.000000000,0.000000000,0.000000000
0.337499946,0.000000000,0.000000000,0.000000000,0.000000000,0.000000000,9.800000000,1.000000000,0.000000000,0.000000000,0.000000000
0.341666612,0.000000000,0.000000000,0.000000000,0.000000000,0.000000000,9.800000000,1.000000000,0.000000000,0.000000000,0.000000000
0.345833278,0.000000000,0.000000000,0.000000000,0.000000000,0.000000000,9.800000000,1.000000000,0.000000000,0.000000000,0.000000000
0.354166610,0.000000000,0.000000000,0.000000000,0.000000000,0.000000000,9.800000000,1.000000000,0.000000000,0.000000000,0.000000000
0.358333276,0.000000000,0.000000000,0.000000000,0.000000000,0.000000000,9.800000000,1.000000000,0.000000000,0.000000000,0.000000000
0.362499942,0.000000000,0.000000000,0.000000000,0.000000000,0.000000000,9.800000000,1.000000000,0.000000000,0.000000000,0.000000000
0.366666608,0.000000000,0.000000000,0.000000000,0.000000000,0.000000000,9.800000000,1.000000000,0.000000000,0.000000000,0.000000000
0.370833274,0.000000000,0.000000000,0.000000000,0.000000000,0.000000000,9.800000000,1.000000000,0.000000000,0.000000000,0.000000000
0.379166606,0.000000000,0.000000000,0.000000000,0.000000000,0.000000000,9.800000000,1.000000000,0.000000000,0.000000000,0.000000000
0.383333272,0.000000000,0.000000000,0.000000000,0.000000000,0.000000000,9.800000000,1.000000000,0.000000000,0.000000000,0.000000000
0.387499938,0.000000000,0.000000000,0.000000000,0.000000000,0.000000000,9.800000000,1.000000000,0.000000000,0.000000000,0.000000000
0.391666604,0.000000000,0.000000000,0.000000000,0.000000000,0.000000000,9.800000000,1.000000000,0.000000000,0.000000000,0.000000000
0.395833270,0.000000000,0.000000000,0.000000000,0.000000000,0.000000000,9.800000000,1.000000000,0.000000000,0.000000000,0.000000000
0.404166602,0.000000000,0.000000000,0.000000000,0.000000000,0.000000000,9.800000000,1.000000000,0.000000000,0.000000000,0.000000000
0.408333268,0.000000000,0.000000000,0.000000000,0.000000000,0.000000000,9.800000000,1.000000000,0.000000000,0.000000000,0.000000000
0.412499934,0.000000000,0.000000000,0.000000000,0.000000000,0.000000000,9.800000000,1.000000000,0.000000000,0.000000000,0.000000000
0.416666600,0.000000000,0.000000000,0.000000000,0.000000000,0.000000000,9.800000000,1.000000000,0.000000000,0.000000000,0.000000000
0.420833266,0.000000000,0.000000000,0.000000000,0.000000000,0.000000000,9.800000000,1.000000000,0.000000000,0.000000000,0.000000000
0.429166598,0.000000000,0.000000000,0.000000000,0.000000000,0.000000000,9.800000000,1.000000000,0.000000000,0.000000000,0.000000000
0.433333264,0.000000000,0.000000000,0.000000000,0.000000000,0.000000000,9.800000000,1.000000000,0.000000000,0.000000000,0.000000000
0.437499930,0.000000000,0.000000000,0.000000000,0.000000000,0.000000000,9.800000000,1.000000000,0.000000000,0.000000000,0.000000000
0.441666596,0.000000000,0.000000000,0.000000000,0.000000000,0.000000000,9.800000000,1.000000000,0.000000000,0.000000000,0.000000000
0.445833262,0.000000000,0.000000000,0.000000000,0.000000000,0.000000000,9.800000000,1.000000000,0.000000000,0.000000000,0.000000000
0.454166594,0.000000000,0.000000000,0.000000000,0.000000000,0.000000000,9.800000000,1.000000000,0.000000000,0.000000000,0.000000000
0.458333260,0.000000000,0.000000000,0.000000000,0.000000000,0.000000000,9.800000000,1.000000000,0.000000000,0.000000000,0.000000000
0.462499926,0.000000000,0.000000000,0.000000000,0.000000000,0.000000000,9.800000000,1.000000000,0.000000000,0.000000000,0.000000000
0.466666592,0.000000000,0.000000000,0.000000000,0.000000000,0.000000000,9.800000000,1.000000000,0.000000000,0.000000000,0.000000000
0.470833258,0.000000000,0.000000000,0.000000000,0.000000000,0.000000000,9.800000000,1.000000000,0.000000000,0.000000000,0.000000000
0.479166590,0.000000000,0.000000000,0.000000000,0.000000000,0.000000000,9.800000000,1.000000000,0.000000000,0.000000000,0.000000000
0.483333256,0.000000000,0.000000000,0.000000000,0.000000000,0.000000000,9.800000000,1.000000000,0.000000000,0.000000000,0.000000000
0.487499922,0.000000000,0.000000000,0.000000000,0.000000000,0.000000000,9.800000000,1.000000000,0.000000000,0.000000000,0.000000000
0.491666588,0.000000000,0.000000000,0.000000000,0.000000000,0.000000000,9.800000000,1.000000000,0.000000000,0.000000000,0.000000000
0.495833254,0.000000000,0.000000000,0.000000000,0.000000000,0.000000000,9.800000000,1.000000000,0.000000000,0.000000000,0.000000000
0.504166586,0.000000000,0.000000000,0.000000000,0.000000000,0.000000000,9.800000000,1.000000000,0.000000000,0.000000000,0.000000000
0.508333252,0.000000000,0.000000000,0.000000000,0.000000000,0.000000000,9.800000000,1.000000000,0.000000000,0.000000000,0.000000000
0.512499918,0.000000000,0.000000000,0.000000000,0.000000000,0.000000000,9.800000000,1.000000000,0.000000000,0.000000000,0.000000000
0.516666584,0.000000000,0.000000000,0.000000000,0.000000000,0.000000000,9.800000000,1.000000000,0.000000000,0.000000000,0.000000000
0.520833250,0.000000000,0.000000000,0.000000000,0.000000000,0.000000000,9.800000000,1.000000000,0.000000000,0.000000000,0.000000000
0.529166582,0.000000000,0.000000000,0.000000000,0.000000000,0.000000000,9.800000000,1.000000000,0.000000000,0.000000000,0.000000000
0.533333248,0.000000000,0.000000000,0.000000000,0.000000000,0.000000000,9.800000000,1.000000000,0.000000000,0.000000000,0.000000000
0.537499914,0.000000000,0.000000000,0.000000000,0.000000000,0.000000000,9.800000000,1.000000000,0.000000000,0.000000000,0.000000000
0.541666580,0.000000000,0.000000000,0.000000000,0.000000000,0.000000000,9.800000000,1.000000000,0.000000000,0.000000000,0.000000000
0.545833246,0.000000000,0.000000000,0.000000000,0.000000000,0.000000000,9.800000000,1.000000000,0.000000000,0.000000000,0.000000000
0.554166578,0.000000000,0.000000000,0.000000000,0.000000000,0.000000000,9.800000000,1.000000000,0.000000000,0.000000000,0.000000000
0.558333244,0.000000000,0.000000000,0.000000000,0.000000000,0.000000000,9.800000000,1.000000000,0.000000000,0.000000000,0.000000000
0.562499910,0.000000000,0.000000000,0.000000000,0.000000000,0.000000000,9.800000000,1.000000000,0.000000000,0.000000000,0.000000000
0.566666576,0.000000000,0.000000000,0.000000000,0.000000000,0.000000000,9.800000000,1.000000000,0.000000000,0.000000000,0.000000000
0.570833242,0.000000000,0.000000000,0.000000000,0.000000000,0.000000000,9.800000000,1.000000000,0.000000000,0.000000000,0.000000000
0.579166574,0.000000000,0.000000000,0.000000000,0.000000000,0.000000000,9.800000000,1.000000000,0.000000000,0.000000000,0.000000000
0.583333240,0.000000000,0.000000000,0.000000000,0.000000000,0.000000000,9.800000000,1.000000000,0.000000000,0.000000000,0.000000000
0.587499906,0.000000000,0.000000000,0.000000000,0.000000000,0.000000000,9.800000000,1.000000000,0.000000000,0.000000000,0.000000000
0.591666572,0.000000000,0.000000000,0.000000000,0.000000000,0.000000000,9.800000000,1.000000000,0.000000000,0.000000000,0.000000000
0.595833238,0.000000000,0.000000000,0.000000000,0.000000000,0.000000000,9.800000000,1.000000000,0.000000000,0.000000000,0.000000000
0.604166570,0.000000000,0.000000000,0.000000000,0.000000000,0.000000000,9.800000000,1.000000000,0.000000000,0.000000000,0.000000000
0.608333236,0.000000000,0.000000000,0.000000000,0.000000000,0.000000000,9.800000000,1.000000000,0.000000000,0.000000000,0.000000000
0.612499902,0.000000000,0.000000000,0.000000000,0.000000000,0.000000000,9.800000000,1.000000000,0.000000000,0.000000000,0.000000000
0.616666568,0.000000000,0.000000000,0.000000000,0.000000000,0.000000000,9.800000000,1.000000000,0.000000000,0.000000000,0.000000000
0.620833234,0.000000000,0.000000000,0.000000000,0.000000000,0.000000000,9.800000000,1.000000000,0.000000000,0.000000000,0.000000000
0.629166566,0.000000000,0.000000000,0.000000000,0.000000000,0.000000000,9.800000000,1.000000000,0.000000000,0.000000000,0.000000000
0.633333232,0.000000000,0.000000000,0.000000000,0.000000000,0.000000000,9.800000000,1.000000000,0.000000000,0.000000000,0.000000000
0.637499898,0.000000000,0.000000000,0.000000000,0.000000000,0.000000000,9.800000000,1.000000000,0.000000000,0.000000000,0.000000000
0.641666564,0.000000000,0.000000000,0.000000000,0.000000000,0.000000000,9.800000000,1.000000000,0.000000000,0.000000000,0.000000000
0.645833230,0.000000000,0.000000000,0.000000000,0.000000000,0.000000000,9.800000000,1.000000000,0.000000000,0.000000000,0.000000000
0.654166562,0.000000000,0.000000000,0.000000000,0.000000000,0.000000000,9.800000000,1.000000000,0.000000000,0.000000000,0.000000000
0.658333228,0.000000000,0.000000000,0.000000000,0.000000000,0.000000000,9.800000000,1.000000000,0.000000000,0.000000000,0.000000000
0.662499894,0.000000000,0.000000000,0.000000000,0.000000000,0.000000000,9.800000000,1.000000000,0.000000000,0.000000000,0.000000000
0.666666560,0.000000000,0.000000000,0.000000000,0.000000000,0.000000000,9.800000000,1.000000000,0.000000000,0.000000000,0.000000000
0.670833226,0.000000000,0.000000000,0.000000000,0.000000000,0.000000000,9.800000000,1.000000000,0.000000000,0.000000000,0.000000000
0.679166558,0.000000000,0.000000000,0.000000000,0.000000000,0.000000000,9.800000000,1.000000000,0.000000000,0.000000000,0.000000000
0.683333224,0.000000000,0.000000000,0.000000000,0.000000000,0.000000000,9.800000000,1.000000000,0.000000000,0.000000000,0.000000000
0.687499890,0.000000000,0.000000000,0.000000000,0.000000000,0.000000000,9.800000000,1.000000000,0.000000000,0.000000000,0.000000000
0.691666556,0.000000000,0.000000000,0.000000000,0.000000000,0.000000000,9.800000000,1.000000000,0.000000000,0.000000000,0.000000000
0.695833222,0.000000000,0.000000000,0.000000000,0.000000000,0.000000000,9.800000000,1.000000000,0.000000000,0.000000000,0.000000000
0.704166554,0.000000000,0.000000000,0.000000000,0.000000000,0.000000000,9.800000000,1.000000000,0.000000000,0.000000000,0.000000000
0.708333220,0.000000000,0.000000000,0.000000000,0.000000000,0.000000000,9.800000000,1.000000000,0.000000000,0.000000000,0.000000000
0.712499886,0.000000000,0.000000000,0.000000000,0.000000000,0.000000000,9.800000000,1.000000000,0.000000000,0.000000000,0.000000000
0.716666552,0.000000000,0.000000000,0.000000000,0.000000000,0.000000000,9.800000000,1.000000000,0.000000000,0.000000000,0.000000000
0.720833218,0.000000000,0.000000000,0.000000000,0.000000000,0.000000000,9.800000000,1.000000000,0.000000000,0.000000000,0.000000000
0.729166550,0.000000000,0.000000000,0.000000000,0.000000000,0.000000000,9.800000000,1.000000000,0.000000000,0.000000000,0.000000000
0.733333216,0.000000000,0.000000000,0.000000000,0.000000000,0.000000000,9.800000000,1.000000000,0.000000000,0.000000000,0.000000000
0.737499882,0.000000000,0.000000000,0.000000000,0.000000000,0.000000000,9.800000000,1.000000000,0.000000000,0.000000000,0.000000000
0.741666548,0.000000000,0.000000000,0.000000000,0.000000000,0.000000000,9.800000000,1.000000000,0.000000000,0.000000000,0.000000000
0.745833214,0.000000000,0.000000000,0.000000000,0.000000000,0.000000000,9.800000000,1.000000000,0.000000000,0.000000000,0.000000000
0.754166546,0.000000000,0.000000000,0.000000000,0.000000000,0.000000000,9.800000000,1.000000000,0.000000000,0.000000000,0.000000000
0.758333212,0.000000000,0.000000000,0.000000000,0.000000000,0.000000000,9.800000000,1.000000000,0.000000000,0.000000000,0.000000000
0.762499878,0.000000000,0.000000000,0.000000000,0.000000000,0.000000000,9.800000000,1.000000000,0.000000000,0.000000000,0.000000000
0.766666544,0.000000000,0.000000000,0.000000000,0.000000000,0.000000000,9.800000000,1.000000000,0.000000000,0.000000000,0.000000000
0.770833210,0.000000000,0.000000000,0.000000000,0.000000000,0.000000000,9.800000000,1.000000000,0.000000000,0.000000000,0.000000000
0.779166542,0.000000000,0.000000000,0.000000000,0.000000000,0.000000000,9.800000000,1.000000000,0.000000000,0.000000000,0.000000000
0.783333208,0.000000000,0.000000000,0.000000000,0.000000000,0.000000000,9.800000000,1.000000000,0.000000000,0.000000000,0.000000000
0.787499874,0.000000000,0.000000000,0.000000000,0.000000000,0.000000000,9.800000000,1.000000000,0.000000000,0.000000000,0.000000000
0.791666540,0.000000000,0.000000000,0.000000000,0.000000000,0.000000000,9.800000000,1.000000000,0.000000000,0.000000000,0.000000000
0.795833206,0.000000000,0.000000000,0.000000000,0.000000000,0.000000000,9.800000000,1.000000000,0.000000000,0.000000000,0.000000000
0.804166538,0.000000000,0.000000000,0.000000000,0.000000000,0.000000000,9.800000000,1.000000000,0.000000000,0.000000000,0.000000000
0.808333204,0.000000000,0.000000000,0.000000000,0.000000000,0.000000000,9.800000000,1.000000000,0.000000000,0.000000000,0.000000000
0.812499870,0.000000000,0.000000000,0.000000000,0.000000000,0.000000000,9.800000000,1.000000000,0.000000000,0.000000000,0.000000000
0.816666536,0.000000000,0.000000000,0.000000000,0.000000000,0.000000000,9.800000000,1.000000000,0.000000000,0.000000000,0.000000000
0.820833202,0.000000000,0.000000000,0.000000000,0.000000000,0.000000000,9.800000000,1.000000000,0.000000000,0.000000000,0.000000000
0.829166534,0.000000000,0.000000000,0.000000000,0.000000000,0.000000000,9.800000000,1.000000000,0.000000000,0.000000000,0.000000000
0.833333200,0.000000000,0.000000000,0.000000000,0.000000000,0.000000000,9.800000000,1.000000000,0.000000000,0.000000000,0.000000000
0.837499866,0.000000000,0.000000000,0.000000000,0.000000000,0.000000000,9.800000000,1.000000000,0.000000000,0.000000000,0.000000000
0.841666532,0.000000000,0.000000000,0.000000000,0.000000000,0.000000000,9.800000000,1.000000000,0.000000000,0.000000000,0.000000000
0.845833198,0.000000000,0.000000000,0.000000000,0.000000000,0.000000000,9.800000000,1.000000000,0.000000000,0.000000000,0.000000000
0.854166530,0.000000000,0.000000000,0.000000000,0.000000000,0.000000000,9.800000000,1.000000000,0.000000000,0.000000000,0.000000000
0.858333196,0.000000000,0.000000000,0.000000000,0.000000000,0.000000000,9.800000000,1.000000000,0.000000000,0.000000000,0.000000000
0.862499862,0.000000000,0.000000000,0.000000000,0.000000000,0.000000000,9.800000000,1.000000000,0.000000000,0.000000000,0.000000000
0.866666528,0.000000000,0.000000000,0.000000000,0.000000000,0.000000000,9.800000000,1.000000000,0.000000000,0.000000000,0.000000000
0.870833194,0.000000000,0.000000000,0.000000000,0.000000000,0.000000000,9.800000000,1.000000000,0.000000000,0.000000000,0.000000000
0.879166526,0.000000000,0.000000000,0.000000000,0.000000000,0.000000000,9.800000000,1.000000000,0.000000000,0.000000000,0.000000000
0.883333192,0.000000000,0.000000000,0.000000000,0.000000000,0.000000000,9.800000000,1.000000000,0.000000000,0.000000000,0.000000000
0.887499858,0.000000000,0.000000000,0.000000000,0.000000000,0.000000000,9.800000000,1.000000000,0.000000000,0.000000000,0.000000000
0.891666524,0.000000000,0.000000000,0.000000000,0.000000000,0.000000000,9.800000000,1.000000000,0.000000000,0.000000000,0.000000000
0.895833190,0.000000000,0.000000000,0.000000000,0.000000000,0.000000000,9.800000000,1.000000000,0.000000000,0.000000000,0.000000000
0.904166522,0.000000000,0.000000000,0.000000000,0.000000000,0.000000000,9.800000000,1.000000000,0.000000000,0.000000000,0.000000000
0.908333188,0.000000000,0.000000000,0.000000000,0.000000000,0.000000000,9.800000000,1.000000000,0.000000000,0.000000000,0.000000000
0.912499854,0.000000000,0.000000000,0.000000000,0.000000000,0.000000000,9.800000000,1.000000000,0.000000000,0.000000000,0.000000000
0.916666520,0.000000000,0.000000000,0.000000000,0.000000000,0.000000000,9.800000000,1.000000000,0.000000000,0.000000000,0.000000000
0.920833186,0.000000000,0.000000000,0.000000000,0.000000000,0.000000000,9.800000000,1.000000000,0.000000000,0.000000000,0.000000000
0.929166518,0.000000000,0.000000000,0.000000000,0.000000000,0.000000000,9.800000000,1.000000000,0.000000000,0.000000000,0.000000000
0.933333184,0.000000000,0.000000000,0.000000000,0.000000000,0.000000000,9.800000000,1.000000000,0.000000000,0.000000000,0.000000000
0.937499850,0.000000000,0.000000000,0.000000000,0.000000000,0.000000000,9.800000000,1.000000000,0.000000000,0.000000000,0.000000000
0.941666516,0.000000000,0.000000000,0.000000000,0.000000000,0.000000000,9.800000000,1.000000000,0.000000000,0.000000000,0.000000000
0.945833182,0.000000000,0.000000000,0.000000000,0.000000000,0.000000000,9.800000000,1.000000000,0.000000000,0.000000000,0.000000000
0.954166514,0.000000000,0.000000000,0.000000000,0.000000000,0.000000000,9.800000000,1.000000000,0.000000000,0.000000000,0.000000000
0.958333180,0.000000000,0.000000000,0.000000000,0.000000000,0.000000000,9.800000000,1.000000000,0.000000000,0.000000000,0.000000000
0.962499846,0.000000000,0.000000000,0.000000000,0.000000000,0.000000000,9.800000000,1.000000000,0.000000000,0.000000000,0.000000000
0.966666512,0.000000000,0.000000000,0.000000000,0.000000000,0.000000000,9.800000000,1.000000000,0.000000000,0.000000000,0.000000000
0.970833178,0.000000000,0.000000000,0.000000000,0.000000000,0.000000000,9.800000000,1.000000000,0.000000000,0.000000000,0.000000000
0.979166510,0.000000000,0.000000000,0.000000000,0.000000000,0.000000000,9.800000000,1.000000000,0.000000000,0.000000000,0.000000000
0.983333176,0.000000000,0.000000000,0.000000000,0.000000000,0.000000000,9.800000000,1.000000000,0.000000000,0.000000000,0.000000000
0.987499842,0.000000000,0.000000000,0.000000000,0.000000000,0.000000000,9.800000000,1.000000000,0.000000000,0.000000000,0.000000000
0.991666508,0.000000000,0.000000000,0.000000000,0.000000000,0.000000000,9.800000000,1.000000000,0.000000000,0.000000000,0.000000000
0.995833174,0.000000000,0.000000000,0.000000000,0.000000000,0.000000000,9.800000000,1.000000000,0.000000000,0.000000000,0.000000000
1.004166506,0.000000000,0.000000000,0.000000000,0.000000000,0.000000000,9.800000000,1.000000000,0.000000000,0.000000000,0.000000000
1.008333172,0.000000000,0.000000000,0.000000000,0.000000000,0.000000000,9.800000000,1.000000000,0.000000000,0.000000000,0.000000000
1.012499838,0.000000000,0.000000000,0.000000000,0.000000000,0.000000000,9.800000000,1.000000000,0.000000000,0.000000000,0.000000000
1.016666504,0.000000000,0.000000000,0.000000000,0.000000000,0.000000000,9.800000000,1.000000000,0.000000000,0.000000000,0.000000000
1.020833170,0.000000000,0.000000000,0.000000000,0.000000000,0.000000000,9.800000000,1.000000000,0.000000000,0.000000000,0.000000000
1.029166502,0.000000000,0.000000000,0.000000000,0.000000000,0.000000000,9.800000000,1.000000000,0.000000000,0.000000000,0.000000000
1.033333168,0.000000000,0.000000000,0.000000000,0.000000000,0.000000000,9.800000000,1.000000000,0.000000000,0.000000000,0.000000000
1.037499834,0.000000000,0.000000000,0.000000000,0.000000000,0.000000000,9.800000000,1.000000000,0.000000000,0.000000000,0.000000000
1.041666500,0.000000000,0.000000000,0.000000000,0.000000000,0.000000000,9.800000000,1.000000000,0.000000000,0.000000000,0.000000000
1.045833166,0.000000000,0.000000000,0.000000000,0.000000000,0.000000000,9.800000000,1.000000000,0.000000000,0.000000000,0.000000000
1.054166498,0.000000000,0.000000000,0.000000000,0.000000000,0.000000000,9.800000000,1.000000000,0.000000000,0.000000000,0.000000000
1.058333164,0.000000000,0.000000000,0.000000000,0.000000000,0.000000000,9.800000000,1.000000000,0.000000000,0.000000000,0.000000000
1.062499830,0.000000000,0.000000000,0.000000000,0.000000000,0.000000000,9.800000000,1.000000000,0.000000000,0.000000000,0.000000000
1.066666496,0.000000000,0.000000000,0.000000000,0.000000000,0.000000000,9.800000000,1.000000000,0.000000000,0.000000000,0.000000000
1.070833162,0.000000000,0.000000000,0.000000000,0.000000000,0.000000000,9.800000000,1.000000000,0.000000000,0.000000000,0.000000000
1.079166494,0.000000000,0.000000000,0.000000000,0.000000000,0.000000000,9.800000000,1.000000000,0.000000000,0.000000000,0.000000000
1.083333160,0.000000000,0.000000000,0.000000000,0.000000000,0.000000000,9.800000000,1.000000000,0.000000000,0.000000000,0.000000000
1.087499826,0.000000000,0.000000000,0.000000000,0.000000000,0.000000000,9.800000000,1.000000000,0.000000000,0.000000000,0.000000000
1.091666492,0.000000000,0.000000000,0.000000000,0.000000000,0.000000000,9.800000000,1.000000000,0.000000000,0.000000000,0.000000000
1.095833158,0.000000000,0.000000000,0.000000000,0.000000000,0.000000000,9.800000000,1.000000000,0.000000000,0.000000000,0.000000000
1.104166490,0.000000000,0.000000000,0.000000000,0.000000000,0.000000000,9.800000000,1.000000000,0.000000000,0.000000000,0.000000000
1.108333156,0.000000000,0.000000000,0.000000000,0.000000000,0.000000000,9.800000000,1.000000000,0.000000000,0.000000000,0.000000000
1.112499822,0.000000000,0.000000000,0.000000000,0.000000000,0.000000000,9.800000000,1.000000000,0.000000000,0.000000000,0.000000000
1.116666488,0.000000000,0.000000000,0.000000000,0.000000000,0.000000000,9.800000000,1.000000000,0.000000000,0.000000000,0.000000000
1.120833154,0.000000000,0.000000000,0.000000000,0.000000000,0.000000000,9.800000000,1.000000000,0.000000000,0.000000000,0.000000000
1.129166486,0.000000000,0.000000000,0.000000000,0.000000000,0.000000000,9.800000000,1.000000000,0.000000000,0.000000000,0.000000000
1.133333152,0.000000000,0.000000000,0.000000000,0.000000000,0.000000000,9.800000000,1.000000000,0.000000000,0.000000000,0.000000000
1.137499818,0.000000000,0.000000000,0.000000000,0.000000000,0.000000000,9.800000000,1.000000000,0.000000000,0.000000000,0.000000000
1.141666484,0.000000000,0.000000000,0.000000000,0.000000000,0.000000000,9.800000000,1.000000000,0.000000000,0.000000000,0.000000000
1.145833150,0.000000000,0.000000000,0.000000000,0.000000000,0.000000000,9.800000000,1.000000000,0.000000000,0.000000000,0.000000000
1.154166482,0.000000000,0.000000000,0.000000000,0.000000000,0.000000000,9.800000000,1.000000000,0.000000000,0.000000000,0.000000000
1.158333148,0.000000000,0.000000000,0.000000000,0.000000000,0.000000000,9.800000000,1.000000000,0.000000000,0.000000000,0.000000000
1.162499814,0.000000000,0.000000000,0.000000000,0.000000000,0.000000000,9.800000000,1.000000000,0.000000000,0.000000000,0.000000000
1.166666480,0.000000000,0.000000000,0.000000000,0.000000000,0.000000000,9.800000000,1.000000000,0.000000000,0.000000000,0.000000000
1.170833146,0.000000000,0.000000000,0.000000000,0.000000000,0.000000000,9.800000000,1.000000000,0.000000000,0.000000000,0.000000000
1.179166478,0.000000000,0.000000000,0.000000000,0.000000000,0.000000000,9.800000000,1.000000000,0.000000000,0.000000000,0.000000000
1.183333144,0.000000000,0.000000000,0.000000000,0.000000000,0.000000000,9.800000000,1.000000000,0.000000000,0.000000000,0.000000000
1.187499810,0.000000000,0.000000000,0.000000000,0.000000000,0.000000000,9.800000000,1.000000000,0.000000000,0.000000000,0.000000000
1.191666476,0.000000000,0.000000000,0.000000000,0.000000000,0.000000000,9.800000000,1.000000000,0.000000000,0.000000000,0.000000000
1.195833142,0.000000000,0.000000000,0.000000000,0.000000000,0.000000000,9.800000000,1.000000000,0.000000000,0.000000000,0.000000000
1.204166474,0.000000000,0.000000000,0.000000000,0.000000000,0.000000000,9.800000000,1.000000000,0.000000000,0.000000000,0.000000000
1.208333140,0.000000000,0.000000000,0.000000000,0.000000000,0.000000000,9.800000000,1.000000000,0.000000000,0.000000000,0.000000000
1.212499806,0.000000000,0.000000000,0.000000000,0.000000000,0.000000000,9.800000000,1.000000000,0.000000000,0.000000000,0.000000000
1.216666472,0.000000000,0.000000000,0.000000000,0.000000000,0.000000000,9.800000000,1.000000000,0.000000000,0.000000000,0.000000000
1.220833138,0.000000000,0.000000000,0.000000000,0.000000000,0.000000000,9.800000000,1.000000000,0.000000000,0.000000000,0.000000000
1.229166470,0.000000000,0.000000000,0.000000000,0.000000000,0.000000000,9.800000000,1.000000000,0.000000000,0.000000000,0.000000000
1.233333136,0.000000000,0.000000000,0.000000000,0.000000000,0.000000000,9.800000000,1.000000000,0.000000000,0.000000000,0.000000000
1.237499802,0.000000000,0.000000000,0.000000000,0.000000000,0.000000000,9.800000000,1.000000000,0.000000000,0.000000000,0.000000000
1.241666468,0.000000000,0.000000000,0.000000000,0.000000000,0.000000000,9.800000000,1.000000000,0.000000000,0.000000000,0.000000000
1.245833134,0.000000000,0.000000000,0.000000000,0.000000000,0.000000000,9.800000000,1.000000000,0.000000000,0.000000000,0.000000000
1.254166466,0.000000000,0.000000000,0.000000000,0.000000000,0.000000000,9.800000000,1.000000000,0.000000000,0.000000000,0.000000000
1.258333132,0.000000000,0.000000000,0.000000000,0.000000000,0.000000000,9.800000000,1.000000000,0.000000000,0.000000000,0.000000000
1.262499798,0.000000000,0.000000000,0.000000000,0.000000000,0.000000000,9.800000000,1.000000000,0.000000000,0.000000000,0.000000000
1.266666464,0.000000000,0.000000000,0.000000000,0.000000000,0.000000000,9.800000000,1.000000000,0.000000000,0.000000000,0.000000000
1.270833130,0.000000000,0.000000000,0.000000000,0.000000000,0.000000000,9.800000000,1.000000000,0.000000000,0.000000000,0.000000000
1.279166462,0.000000000,0.000000000,0.000000000,0.000000000,0.000000000,9.800000000,1.000000000,0.000000000,0.000000000,0.000000000
1.283333128,0.000000000,0.000000000,0.000000000,0.000000000,0.000000000,9.800000000,1.000000000,0.000000000,0.000000000,0.000000000
1.287499794,0.000000000,0.000000000,0.000000000,0.000000000,0.000000000,9.800000000,1.000000000,0.000000000,0.000000000,0.000000000
1.291666460,0.000000000,0.000000000,0.000000000,0.000000000,0.000000000,9.800000000,1.000000000,0.000000000,0.000000000,0.000000000
1.295833126,0.000000000,0.000000000,0.000000000,0.000000000,0.000000000,9.800000000,1.000000000,0.000000000,0.000000000,0.000000000
1.304166458,0.000000000,0.000000000,0.000000000,0.000000000,0.000000000,9.800000000,1.000000000,0.000000000,0.000000000,0.000000000
1.308333124,0.000000000,0.000000000,0.000000000,0.000000000,0.000000000,9.800000000,1.000000000,0.000000000,0.000000000,0.000000000
1.312499790,0.000000000,0.000000000,0.000000000,0.000000000,0.000000000,9.800000000,1.000000000,0.000000000,0.000000000,0.000000000
1.316666456,0.000000000,0.000000000,0.000000000,0.000000000,0.000000000,9.800000000,1.000000000,0.000000000,0.000000000,0.000000000
1.320833122,0.000000000,0.000000000,0.000000000,0.000000000,0.000000000,9.800000000,1.000000000,0.000000000,0.000000000,0.000000000
1.329166454,0.000000000,0.000000000,0.000000000,0.000000000,0.000000000,9.800000000,1.000000000,0.000000000,0.000000000,0.000000000
1.333333120,0.000000000,0.000000000,0.000000000,0.000000000,0.000000000,9.800000000,1.000000000,0.000000000,0.000000000,0.000000000
1.337499786,0.000000000,0.000000000,0.000000000,0.000000000,0.000000000,9.800000000,1.000000000,0.000000000,0.000000000,0.000000000
1.341666452,0.000000000,0.000000000,0.000000000,0.000000000,0.000000000,9.800000000,1.000000000,0.000000000,0.000000000,0.000000000
1.345833118,0.000000000,0.000000000,0.000000000,0.000000000,0.000000000,9.800000000,1.000000000,0.000000000,0.000000000,0.000000000
1.354166450,0.000000000,0.000000000,0.000000000,0.000000000,0.000000000,9.800000000,1.000000000,0.000000000,0.000000000,0.000000000
1.358333116,0.000000000,0.000000000,0.000000000,0.000000000,0.000000000,9.800000000,1.000000000,0.000000000,0.000000000,0.000000000
1.362499782,0.000000000,0.000000000,0.000000000,0.000000000,0.000000000,9.800000000,1.000000000,0.000000000,0.000000000,0.000000000
1.366666448,0.000000000,0.000000000,0.000000000,0.000000000,0.000000000,9.800000000,1.000000000,0.000000000,0.000000000,0.000000000
1.370833114,0.000000000,0.000000000,0.000000000,0.000000000,0.000000000,9.800000000,1.000000000,0.000000000,0.000000000,0.000000000
1.379166446,0.000000000,0.000000000,0.000000000,0.000000000,0.000000000,9.800000000,1.000000000,0.000000000,0.000000000,0.000000000
1.383333112,0.000000000,0.000000000,0.000000000,0.000000000,0.000000000,9.800000000,1.000000000,0.000000000,0.000000000,0.000000000
1.387499778,0.000000000,0.000000000,0.000000000,0.000000000,0.000000000,9.800000000,1.000000000,0.000000000,0.000000000,0.000000000
1.391666444,0.000000000,0.000000000,0.000000000,0.000000000,0.000000000,9.800000000,1.000000000,0.000000000,0.000000000,0.000000000
1.395833110,0.000000000,0.000000000,0.000000000,0.000000000,0.000000000,9.800000000,1.000000000,0.000000000,0.000000000,0.000000000
1.404166442,0.000000000,0.000000000,0.000000000,0.000000000,0.000000000,9.800000000,1.000000000,0.000000000,0.000000000,0.000000000
1.408333108,0.000000000,0.000000000,0.000000000,0.000000000,0.000000000,9.800000000,1.000000000,0.000000000,0.000000000,0.000000000
1.412499774,0.000000000,0.000000000,0.000000000,0.000000000,0.000000000,9.800000000,1.000000000,0.000000000,0.000000000,0.000000000
1.416666440,0.000000000,0.000000000,0.000000000,0.000000000,0.000000000,9.800000000,1.000000000,0.000000000,0.000000000,0.000000000
1.420833106,0.000000000,0.000000000,0.000000000,0.000000000,0.000000000,9.800000000,1.000000000,0.000000000,0.000000000,0.000000000
1.429166438,0.000000000,0.000000000,0.000000000,0.000000000,0.000000000,9.800000000,1.000000000,0.000000000,0.000000000,0.000000000
1.433333104,0.000000000,0.000000000,0.000000000,0.000000000,0.000000000,9.800000000,1.000000000,0.000000000,0.000000000,0.000000000
1.437499770,0.000000000,0.000000000,0.000000000,0.000000000,0.000000000,9.800000000,1.000000000,0.000000000,0.000000000,0.000000000
1.441666436,0.000000000,0.000000000,0.000000000,0.000000000,0.000000000,9.800000000,1.000000000,0.000000000,0.000000000,0.000000000
1.445833102,0.000000000,0.000000000,0.000000000,0.000000000,0.000000000,9.800000000,1.000000000,0.000000000,0.000000000,0.000000000
1.454166434,0.000000000,0.000000000,0.000000000,0.000000000,0.000000000,9.800000000,1.000000000,0.000000000,0.000000000,0.000000000
1.458333100,0.000000000,0.000000000,0.000000000,0.000000000,0.000000000,9.800000000,1.000000000,0.000000000,0.000000000,0.000000000
1.462499766,0.000000000,0.000000000,0.000000000,0.000000000,0.000000000,9.800000000,1.000000000,0.000000000,0.000000000,0.000000000
1.466666432,0.000000000,0.000000000,0.000000000,0.000000000,0.000000000,9.800000000,1.000000000,0.000000000,0.000000000,0.000000000
1.470833098,0.000000000,0.000000000,0.000000000,0.000000000,0.000000000,9.800000000,1.000000000,0.000000000,0.000000000,0.000000000
1.479166430,0.000000000,0.000000000,0.000000000,0.000000000,0.000000000,9.800000000,1.000000000,0.000000000,0.000000000,0.000000000
1.483333096,0.000000000,0.000000000,0.000000000,0.000000000,0.000000000,9.800000000,1.000000000,0.000000000,0.000000000,0.000000000
1.487499762,0.000000000,0.000000000,0.000000000,0.000000000,0.000000000,9.800000000,1.000000000,0.000000000,0.000000000,0.000000000
1.491666428,0.000000000,0.000000000,0.000000000,0.000000000,0.000000000,9.800000000,1.000000000,0.000000000,0.000000000,0.000000000
1.495833094,0.000000000,0.000000000,0.000000000,0.000000000,0.000000000,9.800000000,1.000000000,0.000000000,0.000000000,0.000000000
1.504166426,0.000000000,0.000000000,0.000000000,0.000000000,0.000000000,9.800000000,1.000000000,0.000000000,0.000000000,0.000000000
1.508333092,0.000000000,0.000000000,0.000000000,0.000000000,0.000000000,9.800000000,1.000000000,0.000000000,0.000000000,0.000000000
1.512499758,0.000000000,0.000000000,0.000000000,0.000000000,0.000000000,9.800000000,1.000000000,0.000000000,0.000000000,0.000000000
1.516666424,0.000000000,0.000000000,0.000000000,0.000000000,0.000000000,9.800000000,1.000000000,0.000000000,0.000000000,0.000000000
1.520833090,0.000000000,0.000000000,0.000000000,0.000000000,0.000000000,9.800000000,1.000000000,0.000000000,0.000000000,0.000000000
1.529166422,0.000000000,0.000000000,0.000000000,0.000000000,0.000000000,9.800000000,1.000000000,0.000000000,0.000000000,0.000000000
1.533333088,0.000000000,0.000000000,0.000000000,0.000000000,0.000000000,9.800000000,1.000000000,0.000000000,0.000000000,0.000000000
1.537499754,0.000000000,0.000000000,0.000000000,0.000000000,0.000000000,9.800000000,1.000000000,0.000000000,0.000000000,0.000000000
1.541666420,0.000000000,0.000000000,0.000000000,0.000000000,0.000000000,9.800000000,1.000000000,0.000000000,0.000000000,0.000000000
1.545833086,0.000000000,0.000000000,0.000000000,0.000000000,0.000000000,9.800000000,1.000000000,0.000000000,0.000000000,0.000000000
1.554166418,0.000000000,0.000000000,0.000000000,0.000000000,0.000000000,9.800000000,1.000000000,0.000000000,0.000000000,0.000000000
1.558333084,0.000000000,0.000000000,0.000000000,0.000000000,0.000000000,9.800000000,1.000000000,0.000000000,0.000000000,0.000000000
1.562499750,0.000000000,0.000000000,0.000000000,0.000000000,0.000000000,9.800000000,1.000000000,0.000000000,0.000000000,0.000000000
1.566666416,0.000000000,0.000000000,0.000000000,0.000000000,0.000000000,9.800000000,1.000000000,0.000000000,0.000000000,0.000000000
1.570833082,0.000000000,0.000000000,0.000000000,0.000000000,0.000000000,9.800000000,1.000000000,0.000000000,0.000000000,0.000000000
1.579166414,0.000000000,0.000000000,0.000000000,0.000000000,0.000000000,9.800000000,1.000000000,0.000000000,0.000000000,0.000000000
1.583333080,0.000000000,0.000000000,0.000000000,0.000000000,0.000000000,9.800000000,1.000000000,0.000000000,0.000000000,0.000000000
1.587499746,0.000000000,0.000000000,0.000000000,0.000000000,0.000000000,9.800000000,1.000000000,0.000000000,0.000000000,0.000000000
1.591666412,0.000000000,0.000000000,0.000000000,0.000000000,0.000000000,9.800000000,1.000000000,0.000000000,0.000000000,0.000000000
1.595833078,0.000000000,0.000000000,0.000000000,0.000000000,0.000000000,9.800000000,1.000000000,0.000000000,0.000000000,0.000000000
1.604166410,0.000000000,0.000000000,0.000000000,0.000000000,0.000000000,9.800000000,1.000000000,0.000000000,0.000000000,0.000000000
1.608333076,0.000000000,0.000000000,0.000000000,0.000000000,0.000000000,9.800000000,1.000000000,0.000000000,0.000000000,0.000000000
1.612499742,0.000000000,0.000000000,0.000000000,0.000000000,0.000000000,9.800000000,1.000000000,0.000000000,0.000000000,0.000000000
1.616666408,0.000000000,0.000000000,0.000000000,0.000000000,0.000000000,9.800000000,1.000000000,0.000000000,0.000000000,0.000000000
1.620833074,0.000000000,0.000000000,0.000000000,0.000000000,0.000000000,9.800000000,1.000000000,0.000000000,0.000000000,0.000000000
1.629166406,0.000000000,0.000000000,0.000000000,0.000000000,0.000000000,9.800000000,1.000000000,0.000000000,0.000000000,0.000000000
1.633333072,0.000000000,0.000000000,0.000000000,0.000000000,0.000000000,9.800000000,1.000000000,0.000000000,0.000000000,0.000000000
1.637499738,0.000000000,0.000000000,0.000000000,0.000000000,0.000000000,9.800000000,1.000000000,0.000000000,0.000000000,0.000000000
1.641666404,0.000000000,0.000000000,0.000000000,0.000000000,0.000000000,9.800000000,1.000000000,0.000000000,0.000000000,0.000000000
1.645833070,0.000000000,0.000000000,0.000000000,0.000000000,0.000000000,9.800000000,1.000000000,0.000000000,0.000000000,0.000000000
1.654166402,0.000000000,0.000000000,0.000000000,0.000000000,0.000000000,9.800000000,1.000000000,0.000000000,0.000000000,0.000000000
1.658333068,0.000000000,0.000000000,0.000000000,0.000000000,0.000000000,9.800000000,1.000000000,0.000000000,0.000000000,0.000000000
1.662499734,0.000000000,0.000000000,0.000000000,0.000000000,0.000000000,9.800000000,1.000000000,0.000000000,0.000000000,0.000000000
1.666666400,0.000000000,0.000000000,0.000000000,0.000000000,0.000000000,9.800000000,1.000000000,0.000000000,0.000000000,0.000000000
1.670833066,0.000000000,0.000000000,0.000000000,0.000000000,0.000000000,9.800000000,1.000000000,0.000000000,0.000000000,0.000000000
1.679166398,0.000000000,0.000000000,0.000000000,0.000000000,0.000000000,9.800000000,1.000000000,0.000000000,0.000000000,0.000000000
1.683333064,0.000000000,0.000000000,0.000000000,0.000000000,0.000000000,9.800000000,1.000000000,0.000000000,0.000000000,0.000000000
1.687499730,0.000000000,0.000000000,0.000000000,0.000000000,0.000000000,9.800000000,1.000000000,0.000000000,0.000000000,0.000000000
1.691666396,0.000000000,0.000000000,0.000000000,0.000000000,0.000000000,9.800000000,1.000000000,0.000000000,0.000000000,0.000000000
1.695833062,0.000000000,0.000000000,0.000000000,0.000000000,0.000000000,9.800000000,1.000000000,0.000000000,0.000000000,0.000000000
1.704166394,0.000000000,0.000000000,0.000000000,0.000000000,0.000000000,9.800000000,1.000000000,0.000000000,0.000000000,0.000000000
1.708333060,0.000000000,0.000000000,0.000000000,0.000000000,0.000000000,9.800000000,1.000000000,0.000000000,0.000000000,0.000000000
1.712499726,0.000000000,0.000000000,0.000000000,0.000000000,0.000000000,9.800000000,1.000000000,0.000000000,0.000000000,0.000000000
1.716666392,0.000000000,0.000000000,0.000000000,0.000000000,0.000000000,9.800000000,1.000000000,0.000000000,0.000000000,0.000000000
1.720833058,0.000000000,0.000000000,0.000000000,0.000000000,0.000000000,9.800000000,1.000000000,0.000000000,0.000000000,0.000000000
1.729166390,0.000000000,0.000000000,0.000000000,0.000000000,0.000000000,9.800000000,1.000000000,0.000000000,0.000000000,0.000000000
1.733333056,0.000000000,0.000000000,0.000000000,0.000000000,0.000000000,9.800000000,1.000000000,0.000000000,0.000000000,0.000000000
1.737499722,0.000000000,0.000000000,0.000000000,0.000000000,0.000000000,9.800000000,1.000000000,0.000000000,0.000000000,0.000000000
1.741666388,0.000000000,0.000000000,0.000000000,0.000000000,0.000000000,9.800000000,1.000000000,0.000000000,0.000000000,0.000000000
1.745833054,0.000000000,0.000000000,0.000000000,0.000000000,0.000000000,9.800000000,1.000000000,0.000000000,0.000000000,0.000000000
1.754166386,0.000000000,0.000000000,0.000000000,0.000000000,0.000000000,9.800000000,1.000000000,0.000000000,0.000000000,0.000000000
1.758333052,0.000000000,0.000000000,0.000000000,0.000000000,0.000000000,9.800000000,1.000000000,0.000000000,0.000000000,0.000000000
1.762499718,0.000000000,0.000000000,0.000000000,0.000000000,0.000000000,9.800000000,1.000000000,0.000000000,0.000000000,0.000000000
1.766666384,0.000000000,0.000000000,0.000000000,0.000000000,0.000000000,9.800000000,1.000000000,0.000000000,0.000000000,0.000000000
1.770833050,0.000000000,0.000000000,0.000000000,0.000000000,0.000000000,9.800000000,1.000000000,0.000000000,0.000000000,0.000000000
1.779166382,0.000000000,0.000000000,0.000000000,0.000000000,0.000000000,9.800000000,1.000000000,0.000000000,0.000000000,0.000000000
1.783333048,0.000000000,0.000000000,0.000000000,0.000000000,0.000000000,9.800000000,1.000000000,0.000000000,0.000000000,0.000000000
1.787499714,0.000000000,0.000000000,0.000000000,0.000000000,0.000000000,9.800000000,1.000000000,0.000000000,0.000000000,0.000000000
1.791666380,0.000000000,0.000000000,0.000000000,0.000000000,0.000000000,9.800000000,1.000000000,0.000000000,0.000000000,0.000000000
1.795833046,0.000000000,0.000000000,0.000000000,0.000000000,0.000000000,9.800000000,1.000000000,0.000000000,0.000000000,0.000000000
1.804166378,0.000000000,0.000000000,0.000000000,0.000000000,0.000000000,9.800000000,1.000000000,0.000000000,0.000000000,0.000000000
1.808333044,0.000000000,0.000000000,0.000000000,0.000000000,0.000000000,9.800000000,1.000000000,0.000000000,0.000000000,0.000000000
1.812499710,0.000000000,0.000000000,0.000000000,0.000000000,0.000000000,9.800000000,1.000000000,0.000000000,0.000000000,0.000000000
1.816666376,0.000000000,0.000000000,0.000000000,0.000000000,0.000000000,9.800000000,1.000000000,0.000000000,0.000000000,0.000000000
1.820833042,0.000000000,0.000000000,0.000000000,0.000000000,0.000000000,9.800000000,1.000000000,0.000000000,0.000000000,0.000000000
1.829166374,0.000000000,0.000000000,0.000000000,0.000000000,0.000000000,9.800000000,1.000000000,0.000000000,0.000000000,0.000000000
1.833333040,0.000000000,0.000000000,0.000000000,0.000000000,0.000000000,9.800000000,1.000000000,0.000000000,0.000000000,0.000000000
1.837499706,0.000000000,0.000000000,0.000000000,0.000000000,0.000000000,9.800000000,1.000000000,0.000000000,0.000000000,0.000000000
1.841666372,0.000000000,0.000000000,0.000000000,0.000000000,0.000000000,9.800000000,1.000000000,0.000000000,0.000000000,0.000000000
1.845833038,0.000000000,0.000000000,0.000000000,0.000000000,0.000000000,9.800000000,1.000000000,0.000000000,0.000000000,0.000000000
1.854166370,0.000000000,0.000000000,0.000000000,0.000000000,0.000000000,9.800000000,1.000000000,0.000000000,0.000000000,0.000000000
1.858333036,0.000000000,0.000000000,0.000000000,0.000000000,0.000000000,9.800000000,1.000000000,0.000000000,0.000000000,0.000000000
1.862499702,0.000000000,0.000000000,0.000000000,0.000000000,0.000000000,9.800000000,1.000000000,0.000000000,0.000000000,0.000000000
1.866666368,0.000000000,0.000000000,0.000000000,0.000000000,0.000000000,9.800000000,1.000000000,0.000000000,0.000000000,0.000000000
1.870833034,0.000000000,0.000000000,0.000000000,0.000000000,0.000000000,9.800000000,1.000000000,0.000000000,0.000000000,0.000000000
1.879166366,0.000000000,0.000000000,0.000000000,0.000000000,0.000000000,9.800000000,1.000000000,0.000000000,0.000000000,0.000000000
1.883333032,0.000000000,0.000000000,0.000000000,0.000000000,0.000000000,9.800000000,1.000000000,0.000000000,0.000000000,0.000000000
1.887499698,0.000000000,0.000000000,0.000000000,0.000000000,0.000000000,9.800000000,1.000000000,0.000000000,0.000000000,0.000000000
1.891666364,0.000000000,0.000000000,0.000000000,0.000000000,0.000000000,9.800000000,1.000000000,0.000000000,0.000000000,0.000000000
1.895833030,0.000000000,0.000000000,0.000000000,0.000000000,0.000000000,9.800000000,1.000000000,0.000000000,0.000000000,0.000000000
1.904166362,0.000000000,0.000000000,0.000000000,0.000000000,0.000000000,9.800000000,1.000000000,0.000000000,0.000000000,0.000000000
1.908333028,0.000000000,0.000000000,0.000000000,0.000000000,0.000000000,9.800000000,1.000000000,0.000000000,0.000000000,0.000000000
1.912499694,0.000000000,0.000000000,0.000000000,0.000000000,0.000000000,9.800000000,1.000000000,0.000000000,0.000000000,0.000000000
1.916666360,0.000000000,0.000000000,0.000000000,0.000000000,0.000000000,9.800000000,1.000000000,0.000000000,0.000000000,0.000000000
1.920833026,0.000000000,0.000000000,0.000000000,0.000000000,0.000000000,9.800000000,1.000000000,0.000000000,0.000000000,0.000000000
1.929166358,0.000000000,0.000000000,0.000000000,0.000000000,0.000000000,9.800000000,1.000000000,0.000000000,0.000000000,0.000000000
1.933333024,0.000000000,0.000000000,0.000000000,0.000000000,0.000000000,9.800000000,1.000000000,0.000000000,0.000000000,0.000000000
1.937499690,0.000000000,0.000000000,0.000000000,0.000000000,0.000000000,9.800000000,1.000000000,0.000000000,0.000000000,0.000000000
1.941666356,0.000000000,0.000000000,0.000000000,0.000000000,0.000000000,9.800000000,1.000000000,0.000000000,0.000000000,0.000000000
1.945833022,0.000000000,0.000000000,0.000000000,0.000000000,0.000000000,9.800000000,1.000000000,0.000000000,0.000000000,0.000000000
1.954166354,0.000000000,0.000000000,0.000000000,0.000000000,0.000000000,9.800000000,1.000000000,0.000000000,0.000000000,0.000000000
1.958333020,0.000000000,0.000000000,0.000000000,0.000000000,0.000000000,9.800000000,1.000000000,0.000000000,0.000000000,0.000000000
1.962499686,0.000000000,0.000000000,0.000000000,0.000000000,0.000000000,9.800000000,1.000000000,0.000000000,0.000000000,0.000000000
1.966666352,0.000000000,0.000000000,0.000000000,0.000000000,0.000000000,9.800000000,1.000000000,0.000000000,0.000000000,0.000000000
1.970833018,0.000000000,0.000000000,0.000000000,0.000000000,0.000000000,9.800000000,1.000000000,0.000000000,0.000000000,0.000000000
1.979166350,0.000000000,0.000000000,0.000000000,0.000000000,0.000000000,9.800000000,1.000000000,0.000000000,0.000000000,0.000000000
1.983333016,0.000000000,0.000000000,0.000000000,0.000000000,0.000000000,9.800000000,1.000000000,0.000000000,0.000000000,0.000000000
1.987499682,0.000000000,0.000000000,0.000000000,0.000000000,0.000000000,9.800000000,1.000000000,0.000000000,0.000000000,0.000000000
1.991666348,0.000000000,0.000000000,0.000000000,0.000000000,0.000000000,9.800000000,1.000000000,0.000000000,0.000000000,0.000000000
1.995833014,0.000000000,0.000000000,0.000000000,0.000000000,0.000000000,9.800000000,1.000000000,0.000000000,0.000000000,0.000000000
2.004166346,0.000000000,0.000000000,0.000000000,0.000000000,0.000000000,9.800000000,1.000000000,0.000000000,0.000000000,0.000000000
2.008333012,0.000000000,0.000000000,0.000000000,0.000000000,0.000000000,9.800000000,1.000000000,0.000000000,0.000000000,0.000000000
2.012499678,0.000000000,0.000000000,0.000000000,0.000000000,0.000000000,9.800000000,1.000000000,0.000000000,0.000000000,0.000000000
2.016666344,0.000000000,0.000000000,0.000000000,0.000000000,0.000000000,9.800000000,1.000000000,0.000000000,0.000000000,0.000000000
2.020833010,0.000000000,0.000000000,0.000000000,0.000000000,0.000000000,9.800000000,1.000000000,0.000000000,0.000000000,0.000000000
2.029166342,0.000000000,0.000000000,0.000000000,0.000000000,0.000000000,9.800000000,1.000000000,0.000000000,0.000000000,0.000000000
2.033333008,0.000000000,0.000000000,0.000000000,0.000000000,0.000000000,9.800000000,1.000000000,0.000000000,0.000000000,0.000000000
2.037499674,0.000000000,0.000000000,0.000000000,0.000000000,0.000000000,9.800000000,1.000000000,0.000000000,0.000000000,0.000000000
2.041666340,0.000000000,0.000000000,0.000000000,0.000000000,0.000000000,9.800000000,1.000000000,0.000000000,0.000000000,0.000000000
2.045833006,0.000000000,0.000000000,0.000000000,0.000000000,0.000000000,9.800000000,1.000000000,0.000000000,0.000000000,0.000000000
2.054166338,0.000000000,0.000000000,0.000000000,0.000000000,0.000000000,9.800000000,1.000000000,0.000000000,0.000000000,0.000000000
2.058333004,0.000000000,0.000000000,0.000000000,0.000000000,0.000000000,9.800000000,1.000000000,0.000000000,0.000000000,0.000000000
2.062499670,0.000000000,0.000000000,0.000000000,0.000000000,0.000000000,9.800000000,1.000000000,0.000000000,0.000000000,0.000000000
2.066666336,0.000000000,0.000000000,0.000000000,0.000000000,0.000000000,9.800000000,1.000000000,0.000000000,0.000000000,0.000000000
2.070833002,0.000000000,0.000000000,0.000000000,0.000000000,0.000000000,9.800000000,1.000000000,0.000000000,0.000000000,0.000000000
2.079166334,0.000000000,0.000000000,0.000000000,0.000000000,0.000000000,9.800000000,1.000000000,0.000000000,0.000000000,0.000000000
2.083333000,0.000000000,0.000000000,0.000000000,0.000000000,0.000000000,9.800000000,1.000000000,0.000000000,0.000000000,0.000000000
2.087499666,0.000000000,0.000000000,0.000000000,0.000000000,0.000000000,9.800000000,1.000000000,0.000000000,0.000000000,0.000000000
2.091666332,0.000000000,0.000000000,0.000000000,0.000000000,0.000000000,9.800000000,1.000000000,0.000000000,0.000000000,0.000000000
2.095832998,0.000000000,0.000000000,0.000000000,0.000000000,0.000000000,9.800000000,1.000000000,0.000000000,0.000000000,0.000000000
2.104166330,0.000000000,0.000000000,0.000000000,0.000000000,0.000000000,9.800000000,1.000000000,0.000000000,0.000000000,0.000000000
2.108332996,0.000000000,0.000000000,0.000000000,0.000000000,0.000000000,9.800000000,1.000000000,0.000000000,0.000000000,0.000000000
2.112499662,0.000000000,0.000000000,0.000000000,0.000000000,0.000000000,9.800000000,1.000000000,0.000000000,0.000000000,0.000000000
2.116666328,0.000000000,0.000000000,0.000000000,0.000000000,0.000000000,9.800000000,1.000000000,0.000000000,0.000000000,0.000000000
2.120832994,0.000000000,0.000000000,0.000000000,0.000000000,0.000000000,9.800000000,1.000000000,0.000000000,0.000000000,0.000000000
2.129166326,0.000000000,0.000000000,0.000000000,0.000000000,0.000000000,9.800000000,1.000000000,0.000000000,0.000000000,0.000000000
2.133332992,0.000000000,0.000000000,0.000000000,0.000000000,0.000000000,9.800000000,1.000000000,0.000000000,0.000000000,0.000000000
2.137499658,0.000000000,0.000000000,0.000000000,0.000000000,0.000000000,9.800000000,1.000000000,0.000000000,0.000000000,0.000000000
2.141666324,0.000000000,0.000000000,0.000000000,0.000000000,0.000000000,9.800000000,1.000000000,0.000000000,0.000000000,0.000000000
2.145832990,0.000000000,0.000000000,0.000000000,0.000000000,0.000000000,9.800000000,1.000000000,0.000000000,0.000000000,0.000000000
2.154166322,0.000000000,0.000000000,0.000000000,0.000000000,0.000000000,9.800000000,1.000000000,0.000000000,0.000000000,0.000000000
2.158332988,0.000000000,0.000000000,0.000000000,0.000000000,0.000000000,9.800000000,1.000000000,0.000000000,0.000000000,0.000000000
2.162499654,0.000000000,0.000000000,0.000000000,0.000000000,0.000000000,9.800000000,1.000000000,0.000000000,0.000000000,0.000000000
2.166666320,0.000000000,0.000000000,0.000000000,0.000000000,0.000000000,9.800000000,1.000000000,0.000000000,0.000000000,0.000000000
2.170832986,0.000000000,0.000000000,0.000000000,0.000000000,0.000000000,9.800000000,1.000000000,0.000000000,0.000000000,0.000000000
2.179166318,0.000000000,0.000000000,0.000000000,0.000000000,0.000000000,9.800000000,1.000000000,0.000000000,0.000000000,0.000000000
2.183332984,0.000000000,0.000000000,0.000000000,0.000000000,0.000000000,9.800000000,1.000000000,0.000000000,0.000000000,0.000000000
2.187499650,0.000000000,0.000000000,0.000000000,0.000000000,0.000000000,9.800000000,1.000000000,0.000000000,0.000000000,0.000000000
2.191666316,0.000000000,0.000000000,0.000000000,0.000000000,0.000000000,9.800000000,1.000000000,0.000000000,0.000000000,0.000000000
2.195832982,0.000000000,0.000000000,0.000000000,0.000000000,0.000000000,9.800000000,1.000000000,0.000000000,0.000000000,0.000000000
2.204166314,0.000000000,0.000000000,0.000000000,0.000000000,0.000000000,9.800000000,1.000000000,0.000000000,0.000000000,0.000000000
2.208332980,0.000000000,0.000000000,0.000000000,0.000000000,0.000000000,9.800000000,1.000000000,0.000000000,0.000000000,0.000000000
2.212499646,0.000000000,0.000000000,0.000000000,0.000000000,0.000000000,9.800000000,1.000000000,0.000000000,0.000000000,0.000000000
2.216666312,0.000000000,0.000000000,0.000000000,0.000000000,0.000000000,9.800000000,1.000000000,0.000000000,0.000000000,0.000000000
2.220832978,0.000000000,0.000000000,0.000000000,0.000000000,0.000000000,9.800000000,1.000000000,0.000000000,0.000000000,0.000000000
2.229166310,0.000000000,0.000000000,0.000000000,0.000000000,0.000000000,9.800000000,1.000000000,0.000000000,0.000000000,0.000000000
2.233332976,0.000000000,0.000000000,0.000000000,0.000000000,0.000000000,9.800000000,1.000000000,0.000000000,0.000000000,0.000000000
2.237499642,0.000000000,0.000000000,0.000000000,0.000000000,0.000000000,9.800000000,1.000000000,0.000000000,0.000000000,0.000000000
2.241666308,0.000000000,0.000000000,0.000000000,0.000000000,0.000000000,9.800000000,1.000000000,0.000000000,0.000000000,0.000000000
2.245832974,0.000000000,0.000000000,0.000000000,0.000000000,0.000000000,9.800000000,1.000000000,0.000000000,0.000000000,0.000000000
2.254166306,0.000000000,0.000000000,0.000000000,0.000000000,0.000000000,9.800000000,1.000000000,0.000000000,0.000000000,0.000000000
2.258332972,0.000000000,0.000000000,0.000000000,0.000000000,0.000000000,9.800000000,1.000000000,0.000000000,0.000000000,0.000000000
2.262499638,0.000000000,0.000000000,0.000000000,0.000000000,0.000000000,9.800000000,1.000000000,0.000000000,0.000000000,0.000000000
2.266666304,0.000000000,0.000000000,0.000000000,0.000000000,0.000000000,9.800000000,1.000000000,0.000000000,0.000000000,0.000000000
2.270832970,0.000000000,0.000000000,0.000000000,0.000000000,0.000000000,9.800000000,1.000000000,0.000000000,0.000000000,0.000000000
2.279166302,0.000000000,0.000000000,0.000000000,0.000000000,0.000000000,9.800000000,1.000000000,0.000000000,0.000000000,0.000000000
2.283332968,0.000000000,0.000000000,0.000000000,0.000000000,0.000000000,9.800000000,1.000000000,0.000000000,0.000000000,0.000000000
2.287499634,0.000000000,0.000000000,0.000000000,0.000000000,0.000000000,9.800000000,1.000000000,0.000000000,0.000000000,0.000000000
2.291666300,0.000000000,0.000000000,0.000000000,0.000000000,0.000000000,9.800000000,1.000000000,0.000000000,0.000000000,0.000000000
2.295832966,0.000000000,0.000000000,0.000000000,0.000000000,0.000000000,9.800000000,1.000000000,0.000000000,0.000000000,0.000000000
2.304166298,0.000000000,0.000000000,0.000000000,0.000000000,0.000000000,9.800000000,1.000000000,0.000000000,0.000000000,0.000000000
2.308332964,0.000000000,0.000000000,0.000000000,0.000000000,0.000000000,9.800000000,1.000000000,0.000000000,0.000000000,0.000000000
2.312499630,0.000000000,0.000000000,0.000000000,0.000000000,0.000000000,9.800000000,1.000000000,0.000000000,0.000000000,0.000000000
2.316666296,0.000000000,0.000000000,0.000000000,0.000000000,0.000000000,9.800000000,1.000000000,0.000000000,0.000000000,0.000000000
2.320832962,0.000000000,0.000000000,0.000000000,0.000000000,0.000000000,9.800000000,1.000000000,0.000000000,0.000000000,0.000000000
2.329166294,0.000000000,0.000000000,0.000000000,0.000000000,0.000000000,9.800000000,1.000000000,0.000000000,0.000000000,0.000000000
2.333332960,0.000000000,0.000000000,0.000000000,0.000000000,0.000000000,9.800000000,1.000000000,0.000000000,0.000000000,0.000000000
2.337499626,0.000000000,0.000000000,0.000000000,0.000000000,0.000000000,9.800000000,1.000000000,0.000000000,0.000000000,0.000000000
2.341666292,0.000000000,0.000000000,0.000000000,0.000000000,0.000000000,9.800000000,1.000000000,0.000000000,0.000000000,0.000000000
2.345832958,0.000000000,0.000000000,0.000000000,0.000000000,0.000000000,9.800000000,1.000000000,0.000000000,0.000000000,0.000000000
2.354166290,0.000000000,0.000000000,0.000000000,0.000000000,0.000000000,9.800000000,1.000000000,0.000000000,0.000000000,0.000000000
2.358332956,0.000000000,0.000000000,0.000000000,0.000000000,0.000000000,9.800000000,1.000000000,0.000000000,0.000000000,0.000000000
2.362499622,0.000000000,0.000000000,0.000000000,0.000000000,0.000000000,9.800000000,1.000000000,0.000000000,0.000000000,0.000000000
2.366666288,0.000000000,0.000000000,0.000000000,0.000000000,0.000000000,9.800000000,1.000000000,0.000000000,0.000000000,0.000000000
2.370832954,0.000000000,0.000000000,0.000000000,0.000000000,0.000000000,9.800000000,1.000000000,0.000000000,0.000000000,0.000000000
2.379166286,0.000000000,0.000000000,0.000000000,0.000000000,0.000000000,9.800000000,1.000000000,0.000000000,0.000000000,0.000000000
2.383332952,0.000000000,0.000000000,0.000000000,0.000000000,0.000000000,9.800000000,1.000000000,0.000000000,0.000000000,0.000000000
2.387499618,0.000000000,0.000000000,0.000000000,0.000000000,0.000000000,9.800000000,1.000000000,0.000000000,0.000000000,0.000000000
2.391666284,0.000000000,0.000000000,0.000000000,0.000000000,0.000000000,9.800000000,1.000000000,0.000000000,0.000000000,0.000000000
2.395832950,0.000000000,0.000000000,0.000000000,0.000000000,0.000000000,9.800000000,1.000000000,0.000000000,0.000000000,0.000000000
2.404166282,0.000000000,0.000000000,0.000000000,0.000000000,0.000000000,9.800000000,1.000000000,0.000000000,0.000000000,0.000000000
2.408332948,0.000000000,0.000000000,0.000000000,0.000000000,0.000000000,9.800000000,1.000000000,0.000000000,0.000000000,0.000000000
2.412499614,0.000000000,0.000000000,0.000000000,0.000000000,0.000000000,9.800000000,1.000000000,0.000000000,0.000000000,0.000000000
2.416666280,0.000000000,0.000000000,0.000000000,0.000000000,0.000000000,9.800000000,1.000000000,0.000000000,0.000000000,0.000000000
2.420832946,0.000000000,0.000000000,0.000000000,0.000000000,0.000000000,9.800000000,1.000000000,0.000000000,0.000000000,0.000000000
2.429166278,0.000000000,0.000000000,0.000000000,0.000000000,0.000000000,9.800000000,1.000000000,0.000000000,0.000000000,0.000000000
2.433332944,0.000000000,0.000000000,0.000000000,0.000000000,0.000000000,9.800000000,1.000000000,0.000000000,0.000000000,0.000000000
2.437499610,0.000000000,0.000000000,0.000000000,0.000000000,0.000000000,9.800000000,1.000000000,0.000000000,0.000000000,0.000000000
2.441666276,0.000000000,0.000000000,0.000000000,0.000000000,0.000000000,9.800000000,1.000000000,0.000000000,0.000000000,0.000000000
2.445832942,0.000000000,0.000000000,0.000000000,0.000000000,0.000000000,9.800000000,1.000000000,0.000000000,0.000000000,0.000000000
2.454166274,0.000000000,0.000000000,0.000000000,0.000000000,0.000000000,9.800000000,1.000000000,0.000000000,0.000000000,0.000000000
2.458332940,0.000000000,0.000000000,0.000000000,0.000000000,0.000000000,9.800000000,1.000000000,0.000000000,0.000000000,0.000000000
2.462499606,0.000000000,0.000000000,0.000000000,0.000000000,0.000000000,9.800000000,1.000000000,0.000000000,0.000000000,0.000000000
2.466666272,0.000000000,0.000000000,0.000000000,0.000000000,0.000000000,9.800000000,1.000000000,0.000000000,0.000000000,0.000000000
2.470832938,0.000000000,0.000000000,0.000000000,0.000000000,0.000000000,9.800000000,1.000000000,0.000000000,0.000000000,0.000000000
2.479166270,0.000000000,0.000000000,0.000000000,0.000000000,0.000000000,9.800000000,1.000000000,0.000000000,0.000000000,0.000000000
2.483332936,0.000000000,0.000000000,0.000000000,0.000000000,0.000000000,9.800000000,1.000000000,0.000000000,0.000000000,0.000000000
2.487499602,0.000000000,0.000000000,0.000000000,0.000000000,0.000000000,9.800000000,1.000000000,0.000000000,0.000000000,0.000000000
2.491666268,0.000000000,0.000000000,0.000000000,0.000000000,0.000000000,9.800000000,1.000000000,0.000000000,0.000000000,0.000000000
2.495832934,0.000000000,0.000000000,0.000000000,0.000000000,0.000000000,9.800000000,1.000000000,0.000000000,0.000000000,0.000000000
2.504166266,0.000000000,0.000000000,0.000000000,0.000000000,0.000000000,9.800000000,1.000000000,0.000000000,0.000000000,0.000000000
2.508332932,0.000000000,0.000000000,0.000000000,0.000000000,0.000000000,9.800000000,1.000000000,0.000000000,0.000000000,0.000000000
2.512499598,0.000000000,0.000000000,0.000000000,0.000000000,0.000000000,9.800000000,1.000000000,0.000000000,0.000000000,0.000000000
2.516666264,0.000000000,0.000000000,0.000000000,0.000000000,0.000000000,9.800000000,1.000000000,0.000000000,0.000000000,0.000000000
2.520832930,0.000000000,0.000000000,0.000000000,0.000000000,0.000000000,9.800000000,1.000000000,0.000000000,0.000000000,0.000000000
2.529166262,0.000000000,0.000000000,0.000000000,0.000000000,0.000000000,9.800000000,1.000000000,0.000000000,0.000000000,0.000000000
2.533332928,0.000000000,0.000000000,0.000000000,0.000000000,0.000000000,9.800000000,1.000000000,0.000000000,0.000000000,0.000000000
2.537499594,0.000000000,0.000000000,0.000000000,0.000000000,0.000000000,9.800000000,1.000000000,0.000000000,0.000000000,0.000000000
2.541666260,0.000000000,0.000000000,0.000000000,0.000000000,0.000000000,9.800000000,1.000000000,0.000000000,0.000000000,0.000000000
2.545832926,0.000000000,0.000000000,0.000000000,0.000000000,0.000000000,9.800000000,1.000000000,0.000000000,0.000000000,0.000000000
2.554166258,0.000000000,0.000000000,0.000000000,0.000000000,0.000000000,9.800000000,1.000000000,0.000000000,0.000000000,0.000000000
2.558332924,0.000000000,0.000000000,0.000000000,0.000000000,0.000000000,9.800000000,1.000000000,0.000000000,0.000000000,0.000000000
2.562499590,0.000000000,0.000000000,0.000000000,0.000000000,0.000000000,9.800000000,1.000000000,0.000000000,0.000000000,0.000000000
2.566666256,0.000000000,0.000000000,0.000000000,0.000000000,0.000000000,9.800000000,1.000000000,0.000000000,0.000000000,0.000000000
2.570832922,0.000000000,0.000000000,0.000000000,0.000000000,0.000000000,9.800000000,1.000000000,0.000000000,0.000000000,0.000000000
2.579166254,0.000000000,0.000000000,0.000000000,0.000000000,0.000000000,9.800000000,1.000000000,0.000000000,0.000000000,0.000000000
2.583332920,0.000000000,0.000000000,0.000000000,0.000000000,0.000000000,9.800000000,1.000000000,0.000000000,0.000000000,0.000000000
2.587499586,0.000000000,0.000000000,0.000000000,0.000000000,0.000000000,9.800000000,1.000000000,0.000000000,0.000000000,0.000000000
2.591666252,0.000000000,0.000000000,0.000000000,0.000000000,0.000000000,9.800000000,1.000000000,0.000000000,0.000000000,0.000000000
2.595832918,0.000000000,0.000000000,0.000000000,0.000000000,0.000000000,9.800000000,1.000000000,0.000000000,0.000000000,0.000000000
2.604166250,0.000000000,0.000000000,0.000000000,0.000000000,0.000000000,9.800000000,1.000000000,0.000000000,0.000000000,0.000000000
2.608332916,0.000000000,0.000000000,0.000000000,0.000000000,0.000000000,9.800000000,1.000000000,0.000000000,0.000000000,0.000000000
2.612499582,0.000000000,0.000000000,0.000000000,0.000000000,0.000000000,9.800000000,1.000000000,0.000000000,0.000000000,0.000000000
2.616666248,0.000000000,0.000000000,0.000000000,0.000000000,0.000000000,9.800000000,1.000000000,0.000000000,0.000000000,0.000000000
2.620832914,0.000000000,0.000000000,0.000000000,0.000000000,0.000000000,9.800000000,1.000000000,0.000000000,0.000000000,0.000000000
2.629166246,0.000000000,0.000000000,0.000000000,0.000000000,0.000000000,9.800000000,1.000000000,0.000000000,0.000000000,0.000000000
2.633332912,0.000000000,0.000000000,0.000000000,0.000000000,0.000000000,9.800000000,1.000000000,0.000000000,0.000000000,0.000000000
2.637499578,0.000000000,0.000000000,0.000000000,0.000000000,0.000000000,9.800000000,1.000000000,0.000000000,0.000000000,0.000000000
2.641666244,0.000000000,0.000000000,0.000000000,0.000000000,0.000000000,9.800000000,1.000000000,0.000000000,0.000000000,0.000000000
2.645832910,0.000000000,0.000000000,0.000000000,0.000000000,0.000000000,9.800000000,1.000000000,0.000000000,0.000000000,0.000000000
2.654166242,0.000000000,0.000000000,0.000000000,0.000000000,0.000000000,9.800000000,1.000000000,0.000000000,0.000000000,0.000000000
2.658332908,0.000000000,0.000000000,0.000000000,0.000000000,0.000000000,9.800000000,1.000000000,0.000000000,0.000000000,0.000000000
2.662499574,0.000000000,0.000000000,0.000000000,0.000000000,0.000000000,9.800000000,1.000000000,0.000000000,0.000000000,0.000000000
2.666666240,0.000000000,0.000000000,0.000000000,0.000000000,0.000000000,9.800000000,1.000000000,0.000000000,0.000000000,0.000000000
2.670832906,0.000000000,0.000000000,0.000000000,0.000000000,0.000000000,9.800000000,1.000000000,0.000000000,0.000000000,0.000000000
2.679166238,0.000000000,0.000000000,0.000000000,0.000000000,0.000000000,9.800000000,1.000000000,0.000000000,0.000000000,0.000000000
2.683332904,0.000000000,0.000000000,0.000000000,0.000000000,0.000000000,9.800000000,1.000000000,0.000000000,0.000000000,0.000000000
2.687499570,0.000000000,0.000000000,0.000000000,0.000000000,0.000000000,9.800000000,1.000000000,0.000000000,0.000000000,0.000000000
2.691666236,0.000000000,0.000000000,0.000000000,0.000000000,0.000000000,9.800000000,1.000000000,0.000000000,0.000000000,0.000000000
2.695832902,0.000000000,0.000000000,0.000000000,0.000000000,0.000000000,9.800000000,1.000000000,0.000000000,0.000000000,0.000000000
2.704166234,0.000000000,0.000000000,0.000000000,0.000000000,0.000000000,9.800000000,1.000000000,0.000000000,0.000000000,0.000000000
2.708332900,0.000000000,0.000000000,0.000000000,0.000000000,0.000000000,9.800000000,1.000000000,0.000000000,0.000000000,0.000000000
2.712499566,0.000000000,0.000000000,0.000000000,0.000000000,0.000000000,9.800000000,1.000000000,0.000000000,0.000000000,0.000000000
2.716666232,0.000000000,0.000000000,0.000000000,0.000000000,0.000000000,9.800000000,1.000000000,0.000000000,0.000000000,0.000000000
2.720832898,0.000000000,0.000000000,0.000000000,0.000000000,0.000000000,9.800000000,1.000000000,0.000000000,0.000000000,0.000000000
2.729166230,0.000000000,0.000000000,0.000000000,0.000000000,0.000000000,9.800000000,1.000000000,0.000000000,0.000000000,0.000000000
2.733332896,0.000000000,0.000000000,0.000000000,0.000000000,0.000000000,9.800000000,1.000000000,0.000000000,0.000000000,0.000000000
2.737499562,0.000000000,0.000000000,0.000000000,0.000000000,0.000000000,9.800000000,1.000000000,0.000000000,0.000000000,0.000000000
2.741666228,0.000000000,0.000000000,0.000000000,0.000000000,0.000000000,9.800000000,1.000000000,0.000000000,0.000000000,0.000000000
2.745832894,0.000000000,0.000000000,0.000000000,0.000000000,0.000000000,9.800000000,1.000000000,0.000000000,0.000000000,0.000000000
2.754166226,0.000000000,0.000000000,0.000000000,0.000000000,0.000000000,9.800000000,1.000000000,0.000000000,0.000000000,0.000000000
2.758332892,0.000000000,0.000000000,0.000000000,0.000000000,0.000000000,9.800000000,1.000000000,0.000000000,0.000000000,0.000000000
2.762499558,0.000000000,0.000000000,0.000000000,0.000000000,0.000000000,9.800000000,1.000000000,0.000000000,0.000000000,0.000000000
2.766666224,0.000000000,0.000000000,0.000000000,0.000000000,0.000000000,9.800000000,1.000000000,0.000000000,0.000000000,0.000000000
2.770832890,0.000000000,0.000000000,0.000000000,0.000000000,0.000000000,9.800000000,1.000000000,0.000000000,0.000000000,0.000000000
2.779166222,0.000000000,0.000000000,0.000000000,0.000000000,0.000000000,9.800000000,1.000000000,0.000000000,0.000000000,0.000000000
2.783332888,0.000000000,0.000000000,0.000000000,0.000000000,0.000000000,9.800000000,1.000000000,0.000000000,0.000000000,0.000000000
2.787499554,0.000000000,0.000000000,0.000000000,0.000000000,0.000000000,9.800000000,1.000000000,0.000000000,0.000000000,0.000000000
2.791666220,0.000000000,0.000000000,0.000000000,0.000000000,0.000000000,9.800000000,1.000000000,0.000000000,0.000000000,0.000000000
2.795832886,0.000000000,0.000000000,0.000000000,0.000000000,0.000000000,9.800000000,1.000000000,0.000000000,0.000000000,0.000000000
2.804166218,0.000000000,0.000000000,0.000000000,0.000000000,0.000000000,9.800000000,1.000000000,0.000000000,0.000000000,0.000000000
2.808332884,0.000000000,0.000000000,0.000000000,0.000000000,0.000000000,9.800000000,1.000000000,0.000000000,0.000000000,0.000000000
2.812499550,0.000000000,0.000000000,0.000000000,0.000000000,0.000000000,9.800000000,1.000000000,0.000000000,0.000000000,0.000000000
2.816666216,0.000000000,0.000000000,0.000000000,0.000000000,0.000000000,9.800000000,1.000000000,0.000000000,0.000000000,0.000000000
2.820832882,0.000000000,0.000000000,0.000000000,0.000000000,0.000000000,9.800000000,1.000000000,0.000000000,0.000000000,0.000000000
2.829166214,0.000000000,0.000000000,0.000000000,0.000000000,0.000000000,9.800000000,1.000000000,0.000000000,0.000000000,0.000000000
2.833332880,0.000000000,0.000000000,0.000000000,0.000000000,0.000000000,9.800000000,1.000000000,0.000000000,0.000000000,0.000000000
2.837499546,0.000000000,0.000000000,0.000000000,0.000000000,0.000000000,9.800000000,1.000000000,0.000000000,0.000000000,0.000000000
2.841666212,0.000000000,0.000000000,0.000000000,0.000000000,0.000000000,9.800000000,1.000000000,0.000000000,0.000000000,0.000000000
2.845832878,0.000000000,0.000000000,0.000000000,0.000000000,0.000000000,9.800000000,1.000000000,0.000000000,0.000000000,0.000000000
2.854166210,0.000000000,0.000000000,0.000000000,0.000000000,0.000000000,9.800000000,1.000000000,0.000000000,0.000000000,0.000000000
2.858332876,0.000000000,0.000000000,0.000000000,0.000000000,0.000000000,9.800000000,1.000000000,0.000000000,0.000000000,0.000000000
2.862499542,0.000000000,0.000000000,0.000000000,0.000000000,0.000000000,9.800000000,1.000000000,0.000000000,0.000000000,0.000000000
2.866666208,0.000000000,0.000000000,0.000000000,0.000000000,0.000000000,9.800000000,1.000000000,0.000000000,0.000000000,0.000000000
2.870832874,0.000000000,0.000000000,0.000000000,0.000000000,0.000000000,9.800000000,1.000000000,0.000000000,0.000000000,0.000000000
2.879166206,0.000000000,0.000000000,0.000000000,0.000000000,0.000000000,9.800000000,1.000000000,0.000000000,0.000000000,0.000000000
2.883332872,0.000000000,0.000000000,0.000000000,0.000000000,0.000000000,9.800000000,1.000000000,0.000000000,0.000000000,0.000000000
2.887499538,0.000000000,0.000000000,0.000000000,0.000000000,0.000000000,9.800000000,1.000000000,0.000000000,0.000000000,0.000000000
2.891666204,0.000000000,0.000000000,0.000000000,0.000000000,0.000000000,9.800000000,1.000000000,0.000000000,0.000000000,0.000000000
2.895832870,0.000000000,0.000000000,0.000000000,0.000000000,0.000000000,9.800000000,1.000000000,0.000000000,0.000000000,0.000000000
2.904166202,0.000000000,0.000000000,0.000000000,0.000000000,0.000000000,9.800000000,1.000000000,0.000000000,0.000000000,0.000000000
2.908332868,0.000000000,0.000000000,0.000000000,0.000000000,0.000000000,9.800000000,1.000000000,0.000000000,0.000000000,0.000000000
2.912499534,0.000000000,0.000000000,0.000000000,0.000000000,0.000000000,9.800000000,1.000000000,0.000000000,0.000000000,0.000000000
2.916666200,0.000000000,0.000000000,0.000000000,0.000000000,0.000000000,9.800000000,1.000000000,0.000000000,0.000000000,0.000000000
2.920832866,0.000000000,0.000000000,0.000000000,0.000000000,0.000000000,9.800000000,1.000000000,0.000000000,0.000000000,0.000000000
2.929166198,0.000000000,0.000000000,0.000000000,0.000000000,0.000000000,9.800000000,1.000000000,0.000000000,0.000000000,0.000000000
2.933332864,0.000000000,0.000000000,0.000000000,0.000000000,0.000000000,9.800000000,1.000000000,0.000000000,0.000000000,0.000000000
2.937499530,0.000000000,0.000000000,0.000000000,0.000000000,0.000000000,9.800000000,1.000000000,0.000000000,0.000000000,0.000000000
2.941666196,0.000000000,0.000000000,0.000000000,0.000000000,0.000000000,9.800000000,1.000000000,0.000000000,0.000000000,0.000000000
2.945832862,0.000000000,0.000000000,0.000000000,0.000000000,0.000000000,9.800000000,1.000000000,0.000000000,0.000000000,0.000000000
2.954166194,0.000000000,0.000000000,0.000000000,0.000000000,0.000000000,9.800000000,1.000000000,0.000000000,0.000000000,0.000000000
2.958332860,0.000000000,0.000000000,0.000000000,0.000000000,0.000000000,9.800000000,1.000000000,0.000000000,0.000000000,0.000000000
2.962499526,0.000000000,0.000000000,0.000000000,0.000000000,0.000000000,9.800000000,1.000000000,0.000000000,0.000000000,0.000000000
2.966666192,0.000000000,0.000000000,0.000000000,0.000000000,0.000000000,9.800000000,1.000000000,0.000000000,0.000000000,0.000000000
2.970832858,0.000000000,0.000000000,0.000000000,0.000000000,0.000000000,9.800000000,1.000000000,0.000000000,0.000000000,0.000000000
2.979166190,0.000000000,0.000000000,0.000000000,0.000000000,0.000000000,9.800000000,1.000000000,0.000000000,0.000000000,0.000000000
2.983332856,0.000000000,0.000000000,0.000000000,0.000000000,0.000000000,9.800000000,1.000000000,0.000000000,0.000000000,0.000000000
2.987499522,0.000000000,0.000000000,0.000000000,0.000000000,0.000000000,9.800000000,1.000000000,0.000000000,0.000000000,0.000000000
2.991666188,0.000000000,0.000000000,0.000000000,0.000000000,0.000000000,9.800000000,1.000000000,0.000000000,0.000000000,0.000000000
2.995832854,0.000000000,0.000000000,0.000000000,0.000000000,0.000000000,9.800000000,1.000000000,0.000000000,0.000000000,0.000000000
3.004166186,0.000000000,0.000000000,0.000000000,0.000000000,0.000000000,9.800000000,1.000000000,0.000000000,0.000000000,0.000000000
3.008332852,0.000000000,0.000000000,0.000000000,0.000000000,0.000000000,9.800000000,1.000000000,0.000000000,0.000000000,0.000000000
3.012499518,0.000000000,0.000000000,0.000000000,0.000000000,0.000000000,9.800000000,1.000000000,0.000000000,0.000000000,0.000000000
3.016666184,0.000000000,0.000000000,0.000000000,0.000000000,0.000000000,9.800000000,1.000000000,0.000000000,0.000000000,0.000000000
3.020832850,0.000000000,0.000000000,0.000000000,0.000000000,0.000000000,9.800000000,1.000000000,0.000000000,0.000000000,0.000000000
3.029166182,0.000000000,0.000000000,0.000000000,0.000000000,0.000000000,9.800000000,1.000000000,0.000000000,0.000000000,0.000000000
3.033332848,0.000000000,0.000000000,0.000000000,0.000000000,0.000000000,9.800000000,1.000000000,0.000000000,0.000000000,0.000000000
3.037499514,0.000000000,0.000000000,0.000000000,0.000000000,0.000000000,9.800000000,1.000000000,0.000000000,0.000000000,0.000000000
3.041666180,0.000000000,0.000000000,0.000000000,0.000000000,0.000000000,9.800000000,1.000000000,0.000000000,0.000000000,0.000000000
3.045832846,0.000000000,0.000000000,0.000000000,0.000000000,0.000000000,9.800000000,1.000000000,0.000000000,0.000000000,0.000000000
3.054166178,0.000000000,0.000000000,0.000000000,0.000000000,0.000000000,9.800000000,1.000000000,0.000000000,0.000000000,0.000000000
3.058332844,0.000000000,0.000000000,0.000000000,0.000000000,0.000000000,9.800000000,1.000000000,0.000000000,0.000000000,0.000000000
3.062499510,0.000000000,0.000000000,0.000000000,0.000000000,0.000000000,9.800000000,1.000000000,0.000000000,0.000000000,0.000000000
3.066666176,0.000000000,0.000000000,0.000000000,0.000000000,0.000000000,9.800000000,1.000000000,0.000000000,0.000000000,0.000000000
3.070832842,0.000000000,0.000000000,0.000000000,0.000000000,0.000000000,9.800000000,1.000000000,0.000000000,0.000000000,0.000000000
3.079166174,0.000000000,0.000000000,0.000000000,0.000000000,0.000000000,9.800000000,1.000000000,0.000000000,0.000000000,0.000000000
3.083332840,0.000000000,0.000000000,0.000000000,0.000000000,0.000000000,9.800000000,1.000000000,0.000000000,0.000000000,0.000000000
3.087499506,0.000000000,0.000000000,0.000000000,0.000000000,0.000000000,9.800000000,1.000000000,0.000000000,0.000000000,0.000000000
3.091666172,0.000000000,0.000000000,0.000000000,0.000000000,0.000000000,9.800000000,1.000000000,0.000000000,0.000000000,0.000000000
3.095832838,0.000000000,0.000000000,0.000000000,0.000000000,0.000000000,9.800000000,1.000000000,0.000000000,0.000000000,0.000000000
3.104166170,0.000000000,0.000000000,0.000000000,0.000000000,0.000000000,9.800000000,1.000000000,0.000000000,0.000000000,0.000000000
3.108332836,0.000000000,0.000000000,0.000000000,0.000000000,0.000000000,9.800000000,1.000000000,0.000000000,0.000000000,0.000000000
3.112499502,0.000000000,0.000000000,0.000000000,0.000000000,0.000000000,9.800000000,1.000000000,0.000000000,0.000000000,0.000000000
3.116666168,0.000000000,0.000000000,0.000000000,0.000000000,0.000000000,9.800000000,1.000000000,0.000000000,0.000000000,0.000000000
3.120832834,0.000000000,0.000000000,0.000000000,0.000000000,0.000000000,9.800000000,1.000000000,0.000000000,0.000000000,0.000000000
3.129166166,0.000000000,0.000000000,0.000000000,0.000000000,0.000000000,9.800000000,1.000000000,0.000000000,0.000000000,0.000000000
3.133332832,0.000000000,0.000000000,0.000000000,0.000000000,0.000000000,9.800000000,1.000000000,0.000000000,0.000000000,0.000000000
3.137499498,0.000000000,0.000000000,0.000000000,0.000000000,0.000000000,9.800000000,1.000000000,0.000000000,0.000000000,0.000000000
3.141666164,0.000000000,0.000000000,0.000000000,0.000000000,0.000000000,9.800000000,1.000000000,0.000000000,0.000000000,0.000000000
3.145832830,0.000000000,0.000000000,0.000000000,0.000000000,0.000000000,9.800000000,1.000000000,0.000000000,0.000000000,0.000000000
3.154166162,0.000000000,0.000000000,0.000000000,0.000000000,0.000000000,9.800000000,1.000000000,0.000000000,0.000000000,0.000000000
3.158332828,0.000000000,0.000000000,0.000000000,0.000000000,0.000000000,9.800000000,1.000000000,0.000000000,0.000000000,0.000000000
3.162499494,0.000000000,0.000000000,0.000000000,0.000000000,0.000000000,9.800000000,1.000000000,0.000000000,0.000000000,0.000000000
3.166666160,0.000000000,0.000000000,0.000000000,0.000000000,0.000000000,9.800000000,1.000000000,0.000000000,0.000000000,0.000000000
3.170832826,0.000000000,0.000000000,0.000000000,0.000000000,0.000000000,9.800000000,1.000000000,0.000000000,0.000000000,0.000000000
3.179166158,0.000000000,0.000000000,0.000000000,0.000000000,0.000000000,9.800000000,1.000000000,0.000000000,0.000000000,0.000000000
3.183332824,0.000000000,0.000000000,0.000000000,0.000000000,0.000000000,9.800000000,1.000000000,0.000000000,0.000000000,0.000000000
3.187499490,0.000000000,0.000000000,0.000000000,0.000000000,0.000000000,9.800000000,1.000000000,0.000000000,0.000000000,0.000000000
3.191666156,0.000000000,0.000000000,0.000000000,0.000000000,0.000000000,9.800000000,1.000000000,0.000000000,0.000000000,0.000000000
3.195832822,0.000000000,0.000000000,0.000000000,0.000000000,0.000000000,9.800000000,1.000000000,0.000000000,0.000000000,0.000000000
3.204166154,0.000000000,0.000000000,0.000000000,0.000000000,0.000000000,9.800000000,1.000000000,0.000000000,0.000000000,0.000000000
3.208332820,0.000000000,0.000000000,0.000000000,0.000000000,0.000000000,9.800000000,1.000000000,0.000000000,0.000000000,0.000000000
3.212499486,0.000000000,0.000000000,0.000000000,0.000000000,0.000000000,9.800000000,1.000000000,0.000000000,0.000000000,0.000000000
3.216666152,0.000000000,0.000000000,0.000000000,0.000000000,0.000000000,9.800000000,1.000000000,0.000000000,0.000000000,0.000000000
3.220832818,0.000000000,0.000000000,0.000000000,0.000000000,0.000000000,9.800000000,1.000000000,0.000000000,0.000000000,0.000000000
3.229166150,0.000000000,0.000000000,0.000000000,0.000000000,0.000000000,9.800000000,1.000000000,0.000000000,0.000000000,0.000000000
3.233332816,0.000000000,0.000000000,0.000000000,0.000000000,0.000000000,9.800000000,1.000000000,0.000000000,0.000000000,0.000000000
3.237499482,0.000000000,0.000000000,0.000000000,0.000000000,0.000000000,9.800000000,1.000000000,0.000000000,0.000000000,0.000000000
3.241666148,0.000000000,0.000000000,0.000000000,0.000000000,0.000000000,9.800000000,1.000000000,0.000000000,0.000000000,0.000000000
3.245832814,0.000000000,0.000000000,0.000000000,0.000000000,0.000000000,9.800000000,1.000000000,0.000000000,0.000000000,0.000000000
3.254166146,0.000000000,0.000000000,0.000000000,0.000000000,0.000000000,9.800000000,1.000000000,0.000000000,0.000000000,0.000000000
3.258332812,0.000000000,0.000000000,0.000000000,0.000000000,0.000000000,9.800000000,1.000000000,0.000000000,0.000000000,0.000000000
3.262499478,0.000000000,0.000000000,0.000000000,0.000000000,0.000000000,9.800000000,1.000000000,0.000000000,0.000000000,0.000000000
3.266666144,0.000000000,0.000000000,0.000000000,0.000000000,0.000000000,9.800000000,1.000000000,0.000000000,0.000000000,0.000000000
3.270832810,0.000000000,0.000000000,0.000000000,0.000000000,0.000000000,9.800000000,1.000000000,0.000000000,0.000000000,0.000000000
3.279166142,0.000000000,0.000000000,0.000000000,0.000000000,0.000000000,9.800000000,1.000000000,0.000000000,0.000000000,0.000000000
3.283332808,0.000000000,0.000000000,0.000000000,0.000000000,0.000000000,9.800000000,1.000000000,0.000000000,0.000000000,0.000000000
3.287499474,0.000000000,0.000000000,0.000000000,0.000000000,0.000000000,9.800000000,1.000000000,0.000000000,0.000000000,0.000000000
3.291666140,0.000000000,0.000000000,0.000000000,0.000000000,0.000000000,9.800000000,1.000000000,0.000000000,0.000000000,0.000000000
3.295832806,0.000000000,0.000000000,0.000000000,0.000000000,0.000000000,9.800000000,1.000000000,0.000000000,0.000000000,0.000000000
3.304166138,0.000000000,0.000000000,0.000000000,0.000000000,0.000000000,9.800000000,1.000000000,0.000000000,0.000000000,0.000000000
3.308332804,0.000000000,0.000000000,0.000000000,0.000000000,0.000000000,9.800000000,1.000000000,0.000000000,0.000000000,0.000000000
3.312499470,0.000000000,0.000000000,0.000000000,0.000000000,0.000000000,9.800000000,1.000000000,0.000000000,0.000000000,0.000000000
3.316666136,0.000000000,0.000000000,0.000000000,0.000000000,0.000000000,9.800000000,1.000000000,0.000000000,0.000000000,0.000000000
3.320832802,0.000000000,0.000000000,0.000000000,0.000000000,0.000000000,9.800000000,1.000000000,0.000000000,0.000000000,0.000000000
3.329166134,0.000000000,0.000000000,0.000000000,0.000000000,0.000000000,9.800000000,1.000000000,0.000000000,0.000000000,0.000000000
3.333332800,0.000000000,0.000000000,0.000000000,0.000000000,0.000000000,9.800000000,1.000000000,0.000000000,0.000000000,0.000000000
3.337499466,0.000000000,0.000000000,0.000000000,0.000000000,0.000000000,9.800000000,1.000000000,0.000000000,0.000000000,0.000000000
3.341666132,0.000000000,0.000000000,0.000000000,0.000000000,0.000000000,9.800000000,1.000000000,0.000000000,0.000000000,0.000000000
3.345832798,0.000000000,0.000000000,0.000000000,0.000000000,0.000000000,9.800000000,1.000000000,0.000000000,0.000000000,0.000000000
3.354166130,0.000000000,0.000000000,0.000000000,0.000000000,0.000000000,9.800000000,1.000000000,0.000000000,0.000000000,0.000000000
3.358332796,0.000000000,0.000000000,0.000000000,0.000000000,0.000000000,9.800000000,1.000000000,0.000000000,0.000000000,0.000000000
3.362499462,0.000000000,0.000000000,0.000000000,0.000000000,0.000000000,9.800000000,1.000000000,0.000000000,0.000000000,0.000000000
3.366666128,0.000000000,0.000000000,0.000000000,0.000000000,0.000000000,9.800000000,1.000000000,0.000000000,0.000000000,0.000000000
3.370832794,0.000000000,0.000000000,0.000000000,0.000000000,0.000000000,9.800000000,1.000000000,0.000000000,0.000000000,0.000000000
3.379166126,0.000000000,0.000000000,0.000000000,0.000000000,0.000000000,9.800000000,1.000000000,0.000000000,0.000000000,0.000000000
3.383332792,0.000000000,0.000000000,0.000000000,0.000000000,0.000000000,9.800000000,1.000000000,0.000000000,0.000000000,0.000000000
3.387499458,0.000000000,0.000000000,0.000000000,0.000000000,0.000000000,9.800000000,1.000000000,0.000000000,0.000000000,0.000000000
3.391666124,0.000000000,0.000000000,0.000000000,0.000000000,0.000000000,9.800000000,1.000000000,0.000000000,0.000000000,0.000000000
3.395832790,0.000000000,0.000000000,0.000000000,0.000000000,0.000000000,9.800000000,1.000000000,0.000000000,0.000000000,0.000000000
3.404166122,0.000000000,0.000000000,0.000000000,0.000000000,0.000000000,9.800000000,1.000000000,0.000000000,0.000000000,0.000000000
3.408332788,0.000000000,0.000000000,0.000000000,0.000000000,0.000000000,9.800000000,1.000000000,0.000000000,0.000000000,0.000000000
3.412499454,0.000000000,0.000000000,0.000000000,0.000000000,0.000000000,9.800000000,1.000000000,0.000000000,0.000000000,0.000000000
3.416666120,0.000000000,0.000000000,0.000000000,0.000000000,0.000000000,9.800000000,1.000000000,0.000000000,0.000000000,0.000000000
3.420832786,0.000000000,0.000000000,0.000000000,0.000000000,0.000000000,9.800000000,1.000000000,0.000000000,0.000000000,0.000000000
3.429166118,0.000000000,0.000000000,0.000000000,0.000000000,0.000000000,9.800000000,1.000000000,0.000000000,0.000000000,0.000000000
3.433332784,0.000000000,0.000000000,0.000000000,0.000000000,0.000000000,9.800000000,1.000000000,0.000000000,0.000000000,0.000000000
3.437499450,0.000000000,0.000000000,0.000000000,0.000000000,0.000000000,9.800000000,1.000000000,0.000000000,0.000000000,0.000000000
3.441666116,0.000000000,0.000000000,0.000000000,0.000000000,0.000000000,9.800000000,1.000000000,0.000000000,0.000000000,0.000000000
3.445832782,0.000000000,0.000000000,0.000000000,0.000000000,0.000000000,9.800000000,1.000000000,0.000000000,0.000000000,0.000000000
3.454166114,0.000000000,0.000000000,0.000000000,0.000000000,0.000000000,9.800000000,1.000000000,0.000000000,0.000000000,0.000000000
3.458332780,0.000000000,0.000000000,0.000000000,0.000000000,0.000000000,9.800000000,1.000000000,0.000000000,0.000000000,0.000000000
3.462499446,0.000000000,0.000000000,0.000000000,0.000000000,0.000000000,9.800000000,1.000000000,0.000000000,0.000000000,0.000000000
3.466666112,0.000000000,0.000000000,0.000000000,0.000000000,0.000000000,9.800000000,1.000000000,0.000000000,0.000000000,0.000000000
3.470832778,0.000000000,0.000000000,0.000000000,0.000000000,0.000000000,9.800000000,1.000000000,0.000000000,0.000000000,0.000000000
3.479166110,0.000000000,0.000000000,0.000000000,0.000000000,0.000000000,9.800000000,1.000000000,0.000000000,0.000000000,0.000000000
3.483332776,0.000000000,0.000000000,0.000000000,0.000000000,0.000000000,9.800000000,1.000000000,0.000000000,0.000000000,0.000000000
3.487499442,0.000000000,0.000000000,0.000000000,0.000000000,0.000000000,9.800000000,1.000000000,0.000000000,0.000000000,0.000000000
3.491666108,0.000000000,0.000000000,0.000000000,0.000000000,0.000000000,9.800000000,1.000000000,0.000000000,0.000000000,0.000000000
3.495832774,0.000000000,0.000000000,0.000000000,0.000000000,0.000000000,9.800000000,1.000000000,0.000000000,0.000000000,0.000000000
3.504166106,0.000000000,0.000000000,0.000000000,0.000000000,0.000000000,9.800000000,1.000000000,0.000000000,0.000000000,0.000000000
3.508332772,0.000000000,0.000000000,0.000000000,0.000000000,0.000000000,9.800000000,1.000000000,0.000000000,0.000000000,0.000000000
3.512499438,0.000000000,0.000000000,0.000000000,0.000000000,0.000000000,9.800000000,1.000000000,0.000000000,0.000000000,0.000000000
3.516666104,0.000000000,0.000000000,0.000000000,0.000000000,0.000000000,9.800000000,1.000000000,0.000000000,0.000000000,0.000000000
3.520832770,0.000000000,0.000000000,0.000000000,0.000000000,0.000000000,9.800000000,1.000000000,0.000000000,0.000000000,0.000000000
3.529166102,0.000000000,0.000000000,0.000000000,0.000000000,0.000000000,9.800000000,1.000000000,0.000000000,0.000000000,0.000000000
3.533332768,0.000000000,0.000000000,0.000000000,0.000000000,0.000000000,9.800000000,1.000000000,0.000000000,0.000000000,0.000000000
