kare,t,hedef_x,hedef_y,hedef_z,hedef_qw,hedef_qx,hedef_qy,hedef_qz,kam_x,kam_y,kam_z,kam_qw,kam_qx,kam_qy,kam_qz,senkron_bosluk_ms
0,0.000000,-22.377108,-2.121422,0.750000,0.998784,0.000000,0.000000,0.049301,-18.028825,1.862477,45.000000,0.500000,-0.500000,0.500000,0.500000,4.167
1,0.033333,-22.058368,-2.087296,0.750000,0.998272,0.000000,0.000000,0.058761,-16.926877,1.661981,45.000000,0.500000,-0.500000,0.500000,0.500000,0.000
2,0.066667,-21.742966,-2.047345,0.750000,0.997686,0.000000,0.000000,0.067990,-15.877829,1.263340,45.000000,0.500000,-0.500000,0.500000,0.500000,4.167
3,0.100000,-21.431257,-2.002152,0.750000,0.997034,0.000000,0.000000,0.076962,-14.887186,0.689651,45.000000,0.500000,-0.500000,0.500000,0.500000,4.167
4,0.133333,-21.123697,-1.952058,0.750000,0.996326,0.000000,0.000000,0.085641,-13.961947,-0.039786,45.000000,0.500000,-0.500000,0.500000,0.500000,0.000
5,0.166667,-20.820959,-1.897245,0.750000,0.995574,0.000000,0.000000,0.093980,-13.112352,-0.905224,45.000000,0.500000,-0.500000,0.500000,0.500000,4.167
6,0.200000,-20.523247,-1.838354,0.750000,0.994789,0.000000,0.000000,0.101959,-12.341099,-1.869804,45.000000,0.500000,-0.500000,0.500000,0.500000,4.167
7,0.233333,-20.230932,-1.775817,0.750000,0.993981,0.000000,0.000000,0.109551,-11.653340,-2.901077,45.000000,0.500000,-0.500000,0.500000,0.500000,0.000
8,0.266667,-19.944648,-1.709956,0.750000,0.993167,0.000000,0.000000,0.116705,-11.057961,-3.963863,45.000000,0.500000,-0.500000,0.500000,0.500000,4.167
9,0.295833,-19.699024,-1.650151,0.750000,0.992455,0.000000,0.000000,0.122607,-10.610827,-4.889441,45.000000,0.500000,-0.500000,0.500000,0.500000,0.000
10,0.329167,-19.424570,-1.579594,0.750000,0.991659,0.000000,0.000000,0.128892,-10.193306,-5.907144,45.000000,0.500000,-0.500000,0.500000,0.500000,4.167
11,0.362500,-19.156718,-1.507285,0.750000,0.990888,0.000000,0.000000,0.134685,-9.872749,-6.849486,45.000000,0.500000,-0.500000,0.500000,0.500000,4.167
12,0.395833,-18.895692,-1.433705,0.750000,0.990156,0.000000,0.000000,0.139967,-9.650509,-7.684764,45.000000,0.500000,-0.500000,0.500000,0.500000,0.000
13,0.429167,-18.642036,-1.359320,0.750000,0.989477,0.000000,0.000000,0.144692,-9.531841,-8.376867,45.000000,0.500000,-0.500000,0.500000,0.500000,4.167
14,0.462500,-18.395594,-1.284659,0.750000,0.988857,0.000000,0.000000,0.148867,-9.511677,-8.907696,45.000000,0.500000,-0.500000,0.500000,0.500000,4.167
15,0.495833,-18.156513,-1.210176,0.750000,0.988307,0.000000,0.000000,0.152478,-9.588837,-9.259393,45.000000,0.500000,-0.500000,0.500000,0.500000,0.000
16,0.529167,-17.925280,-1.136362,0.750000,0.987838,0.000000,0.000000,0.155485,-9.765740,-9.410413,45.000000,0.500000,-0.500000,0.500000,0.500000,4.167
17,0.562500,-17.701648,-1.063624,0.750000,0.987455,0.000000,0.000000,0.157903,-10.034863,-9.364458,45.000000,0.500000,-0.500000,0.500000,0.500000,4.167
18,0.595833,-17.485701,-0.992353,0.750000,0.987162,0.000000,0.000000,0.159724,-10.392590,-9.123075,45.000000,0.500000,-0.500000,0.500000,0.500000,0.000
19,0.629167,-17.277880,-0.923018,0.750000,0.986969,0.000000,0.000000,0.160913,-10.838310,-8.685993,45.000000,0.500000,-0.500000,0.500000,0.500000,4.167
20,0.662500,-17.077873,-0.855883,0.750000,0.986874,0.000000,0.000000,0.161494,-11.362643,-8.077563,45.000000,0.500000,-0.500000,0.500000,0.500000,4.167
21,0.695833,-16.885719,-0.791245,0.750000,0.986879,0.000000,0.000000,0.161464,-11.959822,-7.318253,45.000000,0.500000,-0.500000,0.500000,0.500000,0.000
22,0.725000,-16.724387,-0.737076,0.750000,0.986969,0.000000,0.000000,0.160913,-12.539647,-6.545928,45.000000,0.500000,-0.500000,0.500000,0.500000,4.167
23,0.758333,-16.547263,-0.677920,0.750000,0.987162,0.000000,0.000000,0.159724,-13.256973,-5.575349,45.000000,0.500000,-0.500000,0.500000,0.500000,0.000
24,0.791667,-16.378425,-0.622104,0.750000,0.987455,0.000000,0.000000,0.157903,-14.028936,-4.538625,45.000000,0.500000,-0.500000,0.500000,0.500000,4.167
25,0.825000,-16.217494,-0.569643,0.750000,0.987838,0.000000,0.000000,0.155485,-14.844769,-3.475539,45.000000,0.500000,-0.500000,0.500000,0.500000,4.167
26,0.858333,-16.064075,-0.520526,0.750000,0.988303,0.000000,0.000000,0.152506,-15.694714,-2.420712,45.000000,0.500000,-0.500000,0.500000,0.500000,0.000
27,0.891667,-15.919300,-0.475259,0.750000,0.988853,0.000000,0.000000,0.148895,-16.574114,-1.416041,45.000000,0.500000,-0.500000,0.500000,0.500000,4.167
28,0.925000,-15.782374,-0.433597,0.750000,0.989473,0.000000,0.000000,0.144720,-17.470922,-0.493829,45.000000,0.500000,-0.500000,0.500000,0.500000,4.167
29,0.958333,-15.653259,-0.395546,0.750000,0.990152,0.000000,0.000000,0.139995,-18.376233,0.314901,45.000000,0.500000,-0.500000,0.500000,0.500000,0.000
30,0.991667,-15.532274,-0.361247,0.750000,0.990885,0.000000,0.000000,0.134713,-19.280527,0.974720,45.000000,0.500000,-0.500000,0.500000,0.500000,4.167
31,1.025000,-15.418984,-0.330463,0.750000,0.991655,0.000000,0.000000,0.128920,-20.174385,1.468934,45.000000,0.500000,-0.500000,0.500000,0.500000,4.167
32,1.058333,-15.313317,-0.303099,0.750000,0.992452,0.000000,0.000000,0.122635,-21.048928,1.780917,45.000000,0.500000,-0.500000,0.500000,0.500000,0.000
33,1.091666,-15.215537,-0.279181,0.750000,0.993265,0.000000,0.000000,0.115862,-21.893599,1.890454,45.000000,0.500000,-0.500000,0.500000,0.500000,4.167
34,1.120833,-15.135947,-0.260777,0.750000,0.993978,0.000000,0.000000,0.109579,-22.603000,1.827769,45.000000,0.500000,-0.500000,0.500000,0.500000,0.000
35,1.154166,-15.052196,-0.242673,0.750000,0.994786,0.000000,0.000000,0.101987,-23.369318,1.564066,45.000000,0.500000,-0.500000,0.500000,0.500000,4.167
36,1.187500,-14.975614,-0.227342,0.750000,0.995571,0.000000,0.000000,0.094008,-24.082683,1.114785,45.000000,0.500000,-0.500000,0.500000,0.500000,4.167
37,1.220833,-14.906043,-0.214577,0.750000,0.996324,0.000000,0.000000,0.085670,-24.735736,0.495041,45.000000,0.500000,-0.500000,0.500000,0.500000,0.000
38,1.254166,-14.843623,-0.204253,0.750000,0.997032,0.000000,0.000000,0.076990,-25.318033,-0.280194,45.000000,0.500000,-0.500000,0.500000,0.500000,4.167
39,1.287500,-14.787820,-0.196015,0.750000,0.997684,0.000000,0.000000,0.068019,-25.826186,-1.176380,45.000000,0.500000,-0.500000,0.500000,0.500000,4.167
40,1.320833,-14.738413,-0.189625,0.750000,0.998270,0.000000,0.000000,0.058789,-26.254564,-2.163370,45.000000,0.500000,-0.500000,0.500000,0.500000,0.000
41,1.354166,-14.695439,-0.184906,0.750000,0.998783,0.000000,0.000000,0.049329,-26.593893,-3.208771,45.000000,0.500000,-0.500000,0.500000,0.500000,4.167
42,1.387500,-14.657327,-0.181449,0.750000,0.999211,0.000000,0.000000,0.039712,-26.859841,-4.273963,45.000000,0.500000,-0.500000,0.500000,0.500000,4.167
43,1.420833,-14.624342,-0.179075,0.750000,0.999551,0.000000,0.000000,0.029960,-27.040270,-5.323443,45.000000,0.500000,-0.500000,0.500000,0.500000,0.000
44,1.454166,-14.598305,-0.177737,0.750000,0.999799,0.000000,0.000000,0.020058,-27.096978,-6.313531,45.000000,0.500000,-0.500000,0.500000,0.500000,4.167
45,1.487500,-14.577171,-0.177061,0.750000,0.999949,0.000000,0.000000,0.010090,-27.056037,-7.214193,45.000000,0.500000,-0.500000,0.500000,0.500000,4.167
46,1.520833,-14.560592,-0.176857,0.750000,1.000000,0.000000,0.000000,0.000093,-26.916445,-7.995128,45.000000,0.500000,-0.500000,0.500000,0.500000,0.000
47,1.550000,-14.549699,-0.176935,0.750000,0.999963,0.000000,0.000000,-0.008645,-26.708991,-8.552017,45.000000,0.500000,-0.500000,0.500000,0.500000,4.167
48,1.583333,-14.540748,-0.177157,0.750000,0.999827,0.000000,0.000000,-0.018586,-26.381697,-9.034329,45.000000,0.500000,-0.500000,0.500000,0.500000,0.000
49,1.616666,-14.535378,-0.177399,0.750000,0.999596,0.000000,0.000000,-0.028437,-25.953020,-9.324273,45.000000,0.500000,-0.500000,0.500000,0.500000,4.167
50,1.650000,-14.532999,-0.177548,0.750000,0.999272,0.000000,0.000000,-0.038162,-25.429951,-9.420248,45.000000,0.500000,-0.500000,0.500000,0.500000,4.167
51,1.683333,-14.533195,-0.177526,0.750000,0.998861,0.000000,0.000000,-0.047723,-24.815548,-9.319024,45.000000,0.500000,-0.500000,0.500000,0.500000,0.000
52,1.716666,-14.535622,-0.177269,0.750000,0.998370,0.000000,0.000000,-0.057073,-24.109704,-9.015038,45.000000,0.500000,-0.500000,0.500000,0.500000,4.167
53,1.750000,-14.539726,-0.176762,0.750000,0.997807,0.000000,0.000000,-0.066183,-23.321421,-8.528234,45.000000,0.500000,-0.500000,0.500000,0.500000,4.167
54,1.783333,-14.545076,-0.176006,0.750000,0.997182,0.000000,0.000000,-0.075020,-22.455996,-7.874991,45.000000,0.500000,-0.500000,0.500000,0.500000,0.000
55,1.816666,-14.551254,-0.175021,0.750000,0.996505,0.000000,0.000000,-0.083532,-21.516331,-7.071718,45.000000,0.500000,-0.500000,0.500000,0.500000,4.167
56,1.850000,-14.557766,-0.173872,0.750000,0.995786,0.000000,0.000000,-0.091703,-20.512730,-6.153699,45.000000,0.500000,-0.500000,0.500000,0.500000,4.167
57,1.883333,-14.564185,-0.172636,0.750000,0.995038,0.000000,0.000000,-0.099500,-19.452300,-5.151820,45.000000,0.500000,-0.500000,0.500000,0.500000,0.000
58,1.916666,-14.570036,-0.171414,0.750000,0.994273,0.000000,0.000000,-0.106875,-18.340730,-4.099354,45.000000,0.500000,-0.500000,0.500000,0.500000,4.167
59,1.945833,-14.574387,-0.170446,0.750000,0.993597,0.000000,0.000000,-0.112982,-17.335265,-3.167870,45.000000,0.500000,-0.500000,0.500000,0.500000,0.000
60,1.979166,-14.578011,-0.169590,0.750000,0.992833,0.000000,0.000000,-0.119512,-16.154002,-2.125322,45.000000,0.500000,-0.500000,0.500000,0.500000,4.167
61,2.012500,-14.579858,-0.169131,0.750000,0.992086,0.000000,0.000000,-0.125562,-14.948877,-1.140652,45.000000,0.500000,-0.500000,0.500000,0.500000,4.167
62,2.045833,-14.579531,-0.169220,0.750000,0.991368,0.000000,0.000000,-0.131111,-13.728696,-0.246984,45.000000,0.500000,-0.500000,0.500000,0.500000,0.000
63,2.079166,-14.576497,-0.170055,0.750000,0.990693,0.000000,0.000000,-0.136113,-12.502620,0.518156,45.000000,0.500000,-0.500000,0.500000,0.500000,4.167
64,2.112500,-14.570478,-0.171771,0.750000,0.990070,0.000000,0.000000,-0.140573,-11.280399,1.133419,45.000000,0.500000,-0.500000,0.500000,0.500000,4.167
65,2.145833,-14.561105,-0.174525,0.750000,0.989508,0.000000,0.000000,-0.144476,-10.070981,1.578105,45.000000,0.500000,-0.500000,0.500000,0.500000,0.000
66,2.179166,-14.547817,-0.178539,0.750000,0.989020,0.000000,0.000000,-0.147781,-8.884753,1.827616,45.000000,0.500000,-0.500000,0.500000,0.500000,4.167
67,2.212500,-14.530421,-0.183907,0.750000,0.988610,0.000000,0.000000,-0.150501,-7.729789,1.881912,45.000000,0.500000,-0.500000,0.500000,0.500000,4.167
68,2.245833,-14.508573,-0.190765,0.750000,0.988284,0.000000,0.000000,-0.152629,-6.614472,1.739167,45.000000,0.500000,-0.500000,0.500000,0.500000,0.000
69,2.279166,-14.481689,-0.199318,0.750000,0.988051,0.000000,0.000000,-0.154126,-5.549587,1.395365,45.000000,0.500000,-0.500000,0.500000,0.500000,4.167
70,2.312500,-14.449653,-0.209595,0.750000,0.987912,0.000000,0.000000,-0.155017,-4.540893,0.871790,45.000000,0.500000,-0.500000,0.500000,0.500000,4.167
71,2.345833,-14.412145,-0.221678,0.750000,0.987868,0.000000,0.000000,-0.155298,-3.595540,0.186056,45.000000,0.500000,-0.500000,0.500000,0.500000,0.000
72,2.375000,-14.374332,-0.233861,0.750000,0.987912,0.000000,0.000000,-0.155017,-2.828836,-0.533802,45.000000,0.500000,-0.500000,0.500000,0.500000,4.167
73,2.408333,-14.325526,-0.249528,0.750000,0.988050,0.000000,0.000000,-0.154136,-2.022460,-1.458941,45.000000,0.500000,-0.500000,0.500000,0.500000,0.000
74,2.441666,-14.270038,-0.267192,0.750000,0.988285,0.000000,0.000000,-0.152619,-1.301406,-2.468348,45.000000,0.500000,-0.500000,0.500000,0.500000,4.167
75,2.475000,-14.207871,-0.286737,0.750000,0.988610,0.000000,0.000000,-0.150502,-0.666791,-3.522391,45.000000,0.500000,-0.500000,0.500000,0.500000,4.167
76,2.508333,-14.138750,-0.308110,0.750000,0.989019,0.000000,0.000000,-0.147790,-0.122615,-4.585612,45.000000,0.500000,-0.500000,0.500000,0.500000,0.000
77,2.541666,-14.062053,-0.331304,0.750000,0.989510,0.000000,0.000000,-0.144467,0.323245,-5.618922,45.000000,0.500000,-0.500000,0.500000,0.500000,4.167
78,2.575000,-13.977862,-0.356109,0.750000,0.990070,0.000000,0.000000,-0.140573,0.672708,-6.586998,45.000000,0.500000,-0.500000,0.500000,0.500000,4.167
79,2.608333,-13.885940,-0.382373,0.750000,0.990692,0.000000,0.000000,-0.136121,0.924178,-7.457273,45.000000,0.500000,-0.500000,0.500000,0.500000,0.000
80,2.641666,-13.785678,-0.409961,0.750000,0.991369,0.000000,0.000000,-0.131103,1.072143,-8.192772,45.000000,0.500000,-0.500000,0.500000,0.500000,4.167
81,2.675000,-13.677243,-0.438583,0.750000,0.992086,0.000000,0.000000,-0.125562,1.121409,-8.773477,45.000000,0.500000,-0.500000,0.500000,0.500000,4.167
82,2.708333,-13.560452,-0.467988,0.750000,0.992832,0.000000,0.000000,-0.119519,1.072907,-9.179851,45.000000,0.500000,-0.500000,0.500000,0.500000,0.000
83,2.741666,-13.434734,-0.497907,0.750000,0.993598,0.000000,0.000000,-0.112975,0.923933,-9.388545,45.000000,0.500000,-0.500000,0.500000,0.500000,4.167
84,2.770833,-13.317775,-0.524235,0.750000,0.994272,0.000000,0.000000,-0.106882,0.718557,-9.413620,45.000000,0.500000,-0.500000,0.500000,0.500000,0.000
85,2.804166,-13.175463,-0.554185,0.750000,0.995038,0.000000,0.000000,-0.099494,0.395020,-9.248140,45.000000,0.500000,-0.500000,0.500000,0.500000,4.167
86,2.837500,-13.024305,-0.583636,0.750000,0.995786,0.000000,0.000000,-0.091703,-0.014412,-8.891629,45.000000,0.500000,-0.500000,0.500000,0.500000,4.167
87,2.870833,-12.864249,-0.612220,0.750000,0.996505,0.000000,0.000000,-0.083538,-0.504942,-8.356081,45.000000,0.500000,-0.500000,0.500000,0.500000,0.000
88,2.904166,-12.694851,-0.639469,0.750000,0.997182,0.000000,0.000000,-0.075015,-1.074363,-7.652934,45.000000,0.500000,-0.500000,0.500000,0.500000,4.167
89,2.937500,-12.516549,-0.665027,0.750000,0.997807,0.000000,0.000000,-0.066183,-1.712610,-6.814713,45.000000,0.500000,-0.500000,0.500000,0.500000,4.167
90,2.970833,-12.329394,-0.688492,0.750000,0.998370,0.000000,0.000000,-0.057077,-2.412955,-5.869619,45.000000,0.500000,-0.500000,0.500000,0.500000,0.000
91,3.004166,-12.133058,-0.709319,0.750000,0.998861,0.000000,0.000000,-0.047720,-3.170335,-4.847726,45.000000,0.500000,-0.500000,0.500000,0.500000,4.167
92,3.037500,-11.928085,-0.727205,0.750000,0.999272,0.000000,0.000000,-0.038162,-3.974005,-3.788771,45.000000,0.500000,-0.500000,0.500000,0.500000,4.167
93,3.070833,-11.714633,-0.741761,0.750000,0.999596,0.000000,0.000000,-0.028439,-4.815843,-2.728381,45.000000,0.500000,-0.500000,0.500000,0.500000,0.000
94,3.104166,-11.492510,-0.752408,0.750000,0.999827,0.000000,0.000000,-0.018585,-5.688331,-1.705901,45.000000,0.500000,-0.500000,0.500000,0.500000,4.167
95,3.137499,-11.262350,-0.758947,0.750000,0.999963,0.000000,0.000000,-0.008645,-6.580895,-0.755912,45.000000,0.500000,-0.500000,0.500000,0.500000,4.167
96,3.170833,-11.024412,-0.761042,0.750000,0.999999,0.000000,0.000000,0.001343,-7.484668,0.089629,45.000000,0.500000,-0.500000,0.500000,0.500000,0.000
97,3.199999,-10.809757,-0.758768,0.750000,0.999949,0.000000,0.000000,0.010090,-8.277289,0.714340,45.000000,0.500000,-0.500000,0.500000,0.500000,4.167
98,3.233333,-10.557853,-0.751546,0.750000,0.999799,0.000000,0.000000,0.020059,-9.176906,1.283813,45.000000,0.500000,-0.500000,0.500000,0.500000,0.000
99,3.266666,-10.298795,-0.738800,0.750000,0.999551,0.000000,0.000000,0.029958,-10.060119,1.668858,45.000000,0.500000,-0.500000,0.500000,0.500000,4.167
100,3.299999,-10.033293,-0.720563,0.750000,0.999210,0.000000,0.000000,0.039750,-10.918395,1.864139,45.000000,0.500000,-0.500000,0.500000,0.500000,4.167
101,3.333333,-9.761733,-0.696674,0.750000,0.998779,0.000000,0.000000,0.049396,-11.743155,1.863086,45.000000,0.500000,-0.500000,0.500000,0.500000,0.000
102,3.366666,-9.484270,-0.666734,0.750000,0.998267,0.000000,0.000000,0.058850,-12.523630,1.656452,45.000000,0.500000,-0.500000,0.500000,0.500000,4.167
103,3.399999,-9.201609,-0.630944,0.750000,0.997680,0.000000,0.000000,0.068083,-13.253466,1.260855,45.000000,0.500000,-0.500000,0.500000,0.500000,4.167
104,3.433333,-8.914176,-0.589280,0.750000,0.997027,0.000000,0.000000,0.077059,-13.925165,0.689605,45.000000,0.500000,-0.500000,0.500000,0.500000,0.000
105,3.466666,-8.622217,-0.541493,0.750000,0.996318,0.000000,0.000000,0.085729,-14.528217,-0.044374,45.000000,0.500000,-0.500000,0.500000,0.500000,4.167
106,3.499999,-8.326393,-0.487940,0.750000,0.995565,0.000000,0.000000,0.094072,-15.058948,-0.907682,45.000000,0.500000,-0.500000,0.500000,0.500000,4.167
107,3.533333,-8.027137,-0.428746,0.750000,0.994778,0.000000,0.000000,0.102058,-15.511541,-1.871275,45.000000,0.500000,-0.500000,0.500000,0.500000,0.000
108,3.566666,-7.724757,-0.363831,0.750000,0.993972,0.000000,0.000000,0.109637,-15.876572,-2.904079,45.000000,0.500000,-0.500000,0.500000,0.500000,4.167
109,3.595833,-7.458114,-0.302815,0.750000,0.993257,0.000000,0.000000,0.115933,-16.125245,-3.833200,45.000000,0.500000,-0.500000,0.500000,0.500000,0.000
110,3.629166,-7.151253,-0.228159,0.750000,0.992445,0.000000,0.000000,0.122692,-16.318985,-4.891339,45.000000,0.500000,-0.500000,0.500000,0.500000,4.167
111,3.662499,-6.842645,-0.148815,0.750000,0.991647,0.000000,0.000000,0.128984,-16.418007,-5.909598,45.000000,0.500000,-0.500000,0.500000,0.500000,4.167
112,3.695833,-6.532680,-0.065121,0.750000,0.990875,0.000000,0.000000,0.134786,-16.420131,-6.853722,45.000000,0.500000,-0.500000,0.500000,0.500000,0.000
113,3.729166,-6.221713,0.022723,0.750000,0.990144,0.000000,0.000000,0.140051,-16.319239,-7.685109,45.000000,0.500000,-0.500000,0.500000,0.500000,4.167
114,3.762499,-5.910171,0.114102,0.750000,0.989463,0.000000,0.000000,0.144784,-16.119480,-8.379344,45.000000,0.500000,-0.500000,0.500000,0.500000,4.167
115,3.795833,-5.598405,0.208585,0.750000,0.988842,0.000000,0.000000,0.148968,-15.821190,-8.913071,45.000000,0.500000,-0.500000,0.500000,0.500000,0.000
116,3.829166,-5.286778,0.305819,0.750000,0.988294,0.000000,0.000000,0.152561,-15.420972,-9.258860,45.000000,0.500000,-0.500000,0.500000,0.500000,4.167
117,3.862499,-4.975623,0.405179,0.750000,0.987824,0.000000,0.000000,0.155577,-14.925589,-9.412925,45.000000,0.500000,-0.500000,0.500000,0.500000,4.167
118,3.895833,-4.665253,0.506176,0.750000,0.987438,0.000000,0.000000,0.158004,-14.337867,-9.370083,45.000000,0.500000,-0.500000,0.500000,0.500000,0.000
119,3.929166,-4.356039,0.608338,0.750000,0.987148,0.000000,0.000000,0.159806,-13.657400,-9.122614,45.000000,0.500000,-0.500000,0.500000,0.500000,4.167
120,3.962499,-4.048235,0.711078,0.750000,0.986954,0.000000,0.000000,0.161004,-12.893027,-8.688541,45.000000,0.500000,-0.500000,0.500000,0.500000,4.167
121,3.995833,-3.742126,0.813891,0.750000,0.986857,0.000000,0.000000,0.161595,-12.049839,-8.082469,45.000000,0.500000,-0.500000,0.500000,0.500000,0.000
122,4.024999,-3.475989,0.903473,0.750000,0.986859,0.000000,0.000000,0.161585,-11.249058,-7.421468,45.000000,0.500000,-0.500000,0.500000,0.500000,4.167
123,4.058333,-3.173900,1.004998,0.750000,0.986952,0.000000,0.000000,0.161014,-10.272631,-6.549982,45.000000,0.500000,-0.500000,0.500000,0.500000,0.000
124,4.091666,-2.874452,1.105043,0.750000,0.987148,0.000000,0.000000,0.159806,-9.233527,-5.576852,45.000000,0.500000,-0.500000,0.500000,0.500000,4.167
125,4.124999,-2.577814,1.203179,0.750000,0.987440,0.000000,0.000000,0.157995,-8.142410,-4.541207,45.000000,0.500000,-0.500000,0.500000,0.500000,4.167
126,4.158333,-2.284258,1.298956,0.750000,0.987822,0.000000,0.000000,0.155586,-7.007124,-3.477887,45.000000,0.500000,-0.500000,0.500000,0.500000,0.000
127,4.191666,-1.994235,1.391789,0.750000,0.988294,0.000000,0.000000,0.152561,-5.834657,-2.425109,45.000000,0.500000,-0.500000,0.500000,0.500000,4.167
128,4.224999,-1.707878,1.481388,0.750000,0.988843,0.000000,0.000000,0.148959,-4.635700,-1.419761,45.000000,0.500000,-0.500000,0.500000,0.500000,4.167
129,4.258333,-1.425468,1.567386,0.750000,0.989462,0.000000,0.000000,0.144793,-3.419006,-0.495666,45.000000,0.500000,-0.500000,0.500000,0.500000,0.000
130,4.291666,-1.147510,1.649238,0.750000,0.990144,0.000000,0.000000,0.140051,-2.193578,0.308984,45.000000,0.500000,-0.500000,0.500000,0.500000,4.167
131,4.324999,-0.874107,1.726817,0.750000,0.990876,0.000000,0.000000,0.134778,-0.969287,0.971024,45.000000,0.500000,-0.500000,0.500000,0.500000,4.167
132,4.358333,-0.605552,1.799862,0.750000,0.991646,0.000000,0.000000,0.128992,0.244900,1.468183,45.000000,0.500000,-0.500000,0.500000,0.500000,0.000
133,4.391666,-0.342404,1.867915,0.750000,0.992445,0.000000,0.000000,0.122692,1.438680,1.774182,45.000000,0.500000,-0.500000,0.500000,0.500000,4.167
134,4.420833,-0.116534,1.923489,0.750000,0.993155,0.000000,0.000000,0.116804,2.460620,1.886793,45.000000,0.500000,-0.500000,0.500000,0.500000,0.000
135,4.454166,0.135931,1.981996,0.750000,0.993972,0.000000,0.000000,0.109637,3.592495,1.821005,45.000000,0.500000,-0.500000,0.500000,0.500000,4.167
136,4.487499,0.382345,2.035333,0.750000,0.994779,0.000000,0.000000,0.102052,4.679509,1.560429,45.000000,0.500000,-0.500000,0.500000,0.500000,4.167
137,4.520833,0.622417,2.083452,0.750000,0.995565,0.000000,0.000000,0.094078,5.713850,1.113831,45.000000,0.500000,-0.500000,0.500000,0.500000,0.000
138,4.554166,0.855531,2.126102,0.750000,0.996318,0.000000,0.000000,0.085729,6.684870,0.489012,45.000000,0.500000,-0.500000,0.500000,0.500000,4.167
139,4.587499,1.081712,2.163573,0.750000,0.997027,0.000000,0.000000,0.077055,7.588229,-0.283801,45.000000,0.500000,-0.500000,0.500000,0.500000,4.167
140,4.620833,1.300698,2.195951,0.750000,0.997679,0.000000,0.000000,0.068087,8.417664,-1.178610,45.000000,0.500000,-0.500000,0.500000,0.500000,0.000
141,4.654166,1.511871,2.223132,0.750000,0.998267,0.000000,0.000000,0.058851,9.163423,-2.167925,45.000000,0.500000,-0.500000,0.500000,0.500000,4.167
142,4.687499,1.715345,2.245524,0.750000,0.998779,0.000000,0.000000,0.049394,9.824096,-3.212365,45.000000,0.500000,-0.500000,0.500000,0.500000,4.167
143,4.720833,1.910911,2.263330,0.750000,0.999210,0.000000,0.000000,0.039752,10.395462,-4.276792,45.000000,0.500000,-0.500000,0.500000,0.500000,0.000
144,4.754166,2.097987,2.276589,0.750000,0.999551,0.000000,0.000000,0.029959,10.869445,-5.322586,45.000000,0.500000,-0.500000,0.500000,0.500000,4.167
145,4.787499,2.276791,2.285787,0.750000,0.999799,0.000000,0.000000,0.020059,11.247671,-6.313472,45.000000,0.500000,-0.500000,0.500000,0.500000,4.167
146,4.820833,2.447192,2.291211,0.750000,0.999949,0.000000,0.000000,0.010091,11.528302,-7.216114,45.000000,0.500000,-0.500000,0.500000,0.500000,0.000
147,4.849999,2.588951,2.292971,0.750000,0.999999,0.000000,0.000000,0.001343,11.688714,-7.903100,45.000000,0.500000,-0.500000,0.500000,0.500000,4.167
148,4.883333,2.743085,2.292103,0.750000,0.999963,0.000000,0.000000,-0.008645,11.781251,-8.554679,45.000000,0.500000,-0.500000,0.500000,0.500000,0.000
149,4.916666,2.888192,2.288302,0.750000,0.999827,0.000000,0.000000,-0.018585,11.770859,-9.031407,45.000000,0.500000,-0.500000,0.500000,0.500000,4.167
150,4.949999,3.024675,2.282066,0.750000,0.999596,0.000000,0.000000,-0.028437,11.663726,-9.324261,45.000000,0.500000,-0.500000,0.500000,0.500000,4.167
151,4.983333,3.152562,2.273743,0.750000,0.999271,0.000000,0.000000,-0.038164,11.462102,-9.423388,45.000000,0.500000,-0.500000,0.500000,0.500000,0.000
152,5.016666,3.271507,2.263619,0.750000,0.998861,0.000000,0.000000,-0.047720,11.164864,-9.315941,45.000000,0.500000,-0.500000,0.500000,0.500000,4.167
153,5.049999,3.382017,2.252136,0.750000,0.998370,0.000000,0.000000,-0.057073,10.780417,-9.015062,45.000000,0.500000,-0.500000,0.500000,0.500000,4.167
154,5.083333,3.484216,2.239625,0.750000,0.997807,0.000000,0.000000,-0.066187,10.313349,-8.530875,45.000000,0.500000,-0.500000,0.500000,0.500000,0.000
155,5.116666,3.577880,2.226389,0.750000,0.997182,0.000000,0.000000,-0.075015,9.765575,-7.872705,45.000000,0.500000,-0.500000,0.500000,0.500000,4.167
156,5.149999,3.663592,2.212775,0.750000,0.996505,0.000000,0.000000,-0.083532,9.147051,-7.071772,45.000000,0.500000,-0.500000,0.500000,0.500000,4.167
157,5.183333,3.741566,2.199062,0.750000,0.995786,0.000000,0.000000,-0.091708,8.464336,-6.155018,45.000000,0.500000,-0.500000,0.500000,0.500000,0.000
158,5.216666,3.811696,2.185526,0.750000,0.995038,0.000000,0.000000,-0.099493,7.722232,-5.151044,45.000000,0.500000,-0.500000,0.500000,0.500000,4.167
159,5.245832,3.867250,2.174001,0.750000,0.994368,0.000000,0.000000,-0.105982,7.033385,-4.232532,45.000000,0.500000,-0.500000,0.500000,0.500000,0.000
160,5.279166,3.923885,2.161416,0.750000,0.993598,0.000000,0.000000,-0.112974,6.205449,-3.168195,45.000000,0.500000,-0.500000,0.500000,0.500000,4.167
161,5.312499,3.973872,2.149603,0.750000,0.992833,0.000000,0.000000,-0.119512,5.344727,-2.125386,45.000000,0.500000,-0.500000,0.500000,0.500000,4.167
162,5.345832,4.017529,2.138704,0.750000,0.992085,0.000000,0.000000,-0.125570,4.459821,-1.139186,45.000000,0.500000,-0.500000,0.500000,0.500000,0.000
163,5.379166,4.054917,2.128887,0.750000,0.991369,0.000000,0.000000,-0.131103,3.559314,-0.248932,45.000000,0.500000,-0.500000,0.500000,0.500000,4.167
164,5.412499,4.086683,2.120189,0.750000,0.990693,0.000000,0.000000,-0.136113,2.653347,0.518113,45.000000,0.500000,-0.500000,0.500000,0.500000,4.167
165,5.445832,4.113182,2.112661,0.750000,0.990069,0.000000,0.000000,-0.140582,1.750900,1.136144,45.000000,0.500000,-0.500000,0.500000,0.500000,0.000
166,5.479166,4.134562,2.106383,0.750000,0.989510,0.000000,0.000000,-0.144467,0.862040,1.575141,45.000000,0.500000,-0.500000,0.500000,0.500000,4.167
167,5.512499,4.151447,2.101293,0.750000,0.989020,0.000000,0.000000,-0.147781,-0.004522,1.827607,45.000000,0.500000,-0.500000,0.500000,0.500000,4.167
168,5.545832,4.164214,2.097360,0.750000,0.988608,0.000000,0.000000,-0.150511,-0.840137,1.885049,45.000000,0.500000,-0.500000,0.500000,0.500000,0.000
169,5.579166,4.173089,2.094575,0.750000,0.988285,0.000000,0.000000,-0.152619,-1.634057,1.736109,45.000000,0.500000,-0.500000,0.500000,0.500000,4.167
170,5.612499,4.178656,2.092806,0.750000,0.988051,0.000000,0.000000,-0.154126,-2.379692,1.395392,45.000000,0.500000,-0.500000,0.500000,0.500000,4.167
171,5.645832,4.181305,2.091957,0.750000,0.987910,0.000000,0.000000,-0.155027,-3.069411,0.874362,45.000000,0.500000,-0.500000,0.500000,0.500000,0.000
172,5.674999,4.181451,2.091910,0.750000,0.987869,0.000000,0.000000,-0.155289,-3.618370,0.278085,45.000000,0.500000,-0.500000,0.500000,0.500000,4.167
173,5.708332,4.179666,2.092485,0.750000,0.987910,0.000000,0.000000,-0.155027,-4.181665,-0.532013,45.000000,0.500000,-0.500000,0.500000,0.500000,0.000
174,5.741666,4.176072,2.093639,0.750000,0.988051,0.000000,0.000000,-0.154126,-4.665543,-1.460229,45.000000,0.500000,-0.500000,0.500000,0.500000,4.167
175,5.774999,4.171176,2.095197,0.750000,0.988285,0.000000,0.000000,-0.152619,-5.067883,-2.468283,45.000000,0.500000,-0.500000,0.500000,0.500000,4.167
176,5.808332,4.165384,2.097018,0.750000,0.988608,0.000000,0.000000,-0.150511,-5.383946,-3.522263,45.000000,0.500000,-0.500000,0.500000,0.500000,0.000
177,5.841666,4.159106,2.098959,0.750000,0.989020,0.000000,0.000000,-0.147781,-5.605195,-4.585165,45.000000,0.500000,-0.500000,0.500000,0.500000,4.167
178,5.874999,4.152797,2.100868,0.750000,0.989510,0.000000,0.000000,-0.144467,-5.732543,-5.618859,45.000000,0.500000,-0.500000,0.500000,0.500000,4.167
179,5.908332,4.146871,2.102616,0.750000,0.990069,0.000000,0.000000,-0.140582,-5.763568,-6.588572,45.000000,0.500000,-0.500000,0.500000,0.500000,0.000
180,5.941666,4.141806,2.104063,0.750000,0.990693,0.000000,0.000000,-0.136113,-5.691912,-7.455231,45.000000,0.500000,-0.500000,0.500000,0.500000,4.167
181,5.974999,4.138005,2.105112,0.750000,0.991369,0.000000,0.000000,-0.131103,-5.521449,-8.192731,45.000000,0.500000,-0.500000,0.500000,0.500000,4.167
182,6.008332,4.135884,2.105674,0.750000,0.992085,0.000000,0.000000,-0.125570,-5.252267,-8.776261,45.000000,0.500000,-0.500000,0.500000,0.500000,0.000
183,6.041666,4.135988,2.105651,0.750000,0.992833,0.000000,0.000000,-0.119512,-4.880690,-9.176849,45.000000,0.500000,-0.500000,0.500000,0.500000,4.167
184,6.070832,4.138119,2.105144,0.750000,0.993501,0.000000,0.000000,-0.113825,-4.478406,-9.375997,45.000000,0.500000,-0.500000,0.500000,0.500000,0.000
185,6.104166,4.143463,2.103943,0.750000,0.994272,0.000000,0.000000,-0.106875,-3.926433,-9.410485,45.000000,0.500000,-0.500000,0.500000,0.500000,4.167
186,6.137499,4.152173,2.102114,0.750000,0.995038,0.000000,0.000000,-0.099494,-3.284339,-9.248156,45.000000,0.500000,-0.500000,0.500000,0.500000,4.167
187,6.170832,4.164655,2.099684,0.750000,0.995786,0.000000,0.000000,-0.091709,-2.556185,-8.894472,45.000000,0.500000,-0.500000,0.500000,0.500000,0.000
188,6.204166,4.181528,2.096686,0.750000,0.996505,0.000000,0.000000,-0.083533,-1.743173,-8.353529,45.000000,0.500000,-0.500000,0.500000,0.500000,4.167
189,6.237499,4.203003,2.093234,0.750000,0.997182,0.000000,0.000000,-0.075015,-0.854962,-7.652982,45.000000,0.500000,-0.500000,0.500000,0.500000,4.167
190,6.270832,4.229457,2.089441,0.750000,0.997807,0.000000,0.000000,-0.066188,0.102312,-6.816400,45.000000,0.500000,-0.500000,0.500000,0.500000,0.000
191,6.304166,4.261525,2.085446,0.750000,0.998370,0.000000,0.000000,-0.057073,1.124506,-5.868445,45.000000,0.500000,-0.500000,0.500000,0.500000,4.167
192,6.337499,4.299319,2.081437,0.750000,0.998861,0.000000,0.000000,-0.047720,2.201005,-4.847791,45.000000,0.500000,-0.500000,0.500000,0.500000,4.167
193,6.370832,4.343164,2.077605,0.750000,0.999271,0.000000,0.000000,-0.038165,3.324086,-3.788776,45.000000,0.500000,-0.500000,0.500000,0.500000,0.000
194,6.404166,4.393689,2.074200,0.750000,0.999596,0.000000,0.000000,-0.028438,4.486992,-2.728949,45.000000,0.500000,-0.500000,0.500000,0.500000,4.167
195,6.437499,4.450887,2.071453,0.750000,0.999827,0.000000,0.000000,-0.018585,5.678997,-1.705963,45.000000,0.500000,-0.500000,0.500000,0.500000,4.167
196,6.470832,4.515018,2.069620,0.750000,0.999963,0.000000,0.000000,-0.008646,6.891404,-0.754233,45.000000,0.500000,-0.500000,0.500000,0.500000,0.000
197,6.499999,4.577322,2.069042,0.750000,1.000000,0.000000,0.000000,0.000093,7.962102,-0.011068,45.000000,0.500000,-0.500000,0.500000,0.500000,4.167
198,6.533332,4.655299,2.069730,0.750000,0.999949,0.000000,0.000000,0.010090,9.188075,0.716833,45.000000,0.500000,-0.500000,0.500000,0.500000,0.000
199,6.566666,4.741190,2.072257,0.750000,0.999799,0.000000,0.000000,0.020058,10.407341,1.281013,45.000000,0.500000,-0.500000,0.500000,0.500000,4.167
200,6.599999,4.834797,2.076847,0.750000,0.999551,0.000000,0.000000,0.029958,11.610786,1.668840,45.000000,0.500000,-0.500000,0.500000,0.500000,4.167
201,6.633332,4.936241,2.083794,0.750000,0.999210,0.000000,0.000000,0.039752,12.789615,1.867267,45.000000,0.500000,-0.500000,0.500000,0.500000,0.000
202,6.666666,5.046002,2.093528,0.750000,0.998779,0.000000,0.000000,0.049393,13.933168,1.859960,45.000000,0.500000,-0.500000,0.500000,0.500000,4.167
203,6.699999,5.163771,2.106215,0.750000,0.998267,0.000000,0.000000,0.058850,15.034299,1.656471,45.000000,0.500000,-0.500000,0.500000,0.500000,4.167
204,6.733332,5.289590,2.122120,0.750000,0.997679,0.000000,0.000000,0.068087,16.085078,1.263644,45.000000,0.500000,-0.500000,0.500000,0.500000,0.000
205,6.766666,5.423855,2.141670,0.750000,0.997027,0.000000,0.000000,0.077054,17.074811,0.687126,45.000000,0.500000,-0.500000,0.500000,0.500000,4.167
206,6.799999,5.566172,2.164938,0.750000,0.996319,0.000000,0.000000,0.085729,17.998891,-0.044324,45.000000,0.500000,-0.500000,0.500000,0.500000,4.167
207,6.833332,5.716508,2.192123,0.750000,0.995565,0.000000,0.000000,0.094078,18.850879,-0.906101,45.000000,0.500000,-0.500000,0.500000,0.500000,0.000
208,6.866666,5.875186,2.223604,0.750000,0.994779,0.000000,0.000000,0.102052,19.620902,-1.872334,45.000000,0.500000,-0.500000,0.500000,0.500000,4.167
209,6.895832,6.020369,2.254556,0.750000,0.994073,0.000000,0.000000,0.108717,20.227664,-2.772083,45.000000,0.500000,-0.500000,0.500000,0.500000,0.000
210,6.929166,6.193991,2.294219,0.750000,0.993258,0.000000,0.000000,0.115926,20.834481,-3.833171,45.000000,0.500000,-0.500000,0.500000,0.500000,4.167
211,6.962499,6.375313,2.338302,0.750000,0.992445,0.000000,0.000000,0.122692,21.349671,-4.891274,45.000000,0.500000,-0.500000,0.500000,0.500000,4.167
212,6.995832,6.564221,2.386841,0.750000,0.991646,0.000000,0.000000,0.128992,21.770239,-5.910795,45.000000,0.500000,-0.500000,0.500000,0.500000,0.000
213,7.029166,6.760940,2.440044,0.750000,0.990876,0.000000,0.000000,0.134777,22.089262,-6.852014,45.000000,0.500000,-0.500000,0.500000,0.500000,4.167
214,7.062499,6.964973,2.497650,0.750000,0.990144,0.000000,0.000000,0.140051,22.309933,-7.685061,45.000000,0.500000,-0.500000,0.500000,0.500000,4.167
215,7.095832,7.176181,2.559575,0.750000,0.989462,0.000000,0.000000,0.144792,22.431740,-8.381910,45.000000,0.500000,-0.500000,0.500000,0.500000,0.000
216,7.129166,7.394744,2.625883,0.750000,0.988843,0.000000,0.000000,0.148959,22.450340,-8.910218,45.000000,0.500000,-0.500000,0.500000,0.500000,4.167
217,7.162499,7.620168,2.696195,0.750000,0.988294,0.000000,0.000000,0.152561,22.371674,-9.258844,45.000000,0.500000,-0.500000,0.500000,0.500000,4.167
218,7.195832,7.852298,2.770304,0.750000,0.987822,0.000000,0.000000,0.155586,22.197753,-9.416061,45.000000,0.500000,-0.500000,0.500000,0.500000,0.000
219,7.229166,8.091279,2.848116,0.750000,0.987440,0.000000,0.000000,0.157995,21.927159,-9.366972,45.000000,0.500000,-0.500000,0.500000,0.500000,4.167
220,7.262499,8.336625,2.929160,0.750000,0.987148,0.000000,0.000000,0.159806,21.568110,-9.122635,45.000000,0.500000,-0.500000,0.500000,0.500000,4.167
221,7.295832,8.588172,3.013117,0.750000,0.986952,0.000000,0.000000,0.161014,21.124978,-8.691271,45.000000,0.500000,-0.500000,0.500000,0.500000,0.000
222,7.324999,8.813474,3.088784,0.750000,0.986865,0.000000,0.000000,0.161547,20.669107,-8.165011,45.000000,0.500000,-0.500000,0.500000,0.500000,4.167
223,7.358332,9.076333,3.177256,0.750000,0.986857,0.000000,0.000000,0.161595,20.080824,-7.423492,45.000000,0.500000,-0.500000,0.500000,0.500000,0.000
224,7.391665,9.345127,3.267580,0.750000,0.986954,0.000000,0.000000,0.161005,19.422383,-6.548430,45.000000,0.500000,-0.500000,0.500000,0.500000,4.167
225,7.424999,9.619379,3.359213,0.750000,0.987148,0.000000,0.000000,0.159806,18.704246,-5.576915,45.000000,0.500000,-0.500000,0.500000,0.500000,4.167
226,7.458332,9.898888,3.451700,0.750000,0.987438,0.000000,0.000000,0.158004,17.933813,-4.541629,45.000000,0.500000,-0.500000,0.500000,0.500000,0.000
227,7.491665,10.183662,3.544560,0.750000,0.987824,0.000000,0.000000,0.155577,17.117264,-3.478040,45.000000,0.500000,-0.500000,0.500000,0.500000,4.167
228,7.524999,10.473221,3.637264,0.750000,0.988294,0.000000,0.000000,0.152561,16.265379,-2.425173,45.000000,0.500000,-0.500000,0.500000,0.500000,4.167
229,7.558332,10.767316,3.729317,0.750000,0.988842,0.000000,0.000000,0.148968,15.386683,-1.418451,45.000000,0.500000,-0.500000,0.500000,0.500000,0.000
230,7.591665,11.065873,3.820139,0.750000,0.989463,0.000000,0.000000,0.144784,14.489578,-0.497476,45.000000,0.500000,-0.500000,0.500000,0.500000,4.167
231,7.624999,11.368388,3.909257,0.750000,0.990144,0.000000,0.000000,0.140051,13.584301,0.308938,45.000000,0.500000,-0.500000,0.500000,0.500000,4.167
232,7.658332,11.674559,3.996181,0.750000,0.990875,0.000000,0.000000,0.134786,12.679828,0.973660,45.000000,0.500000,-0.500000,0.500000,0.500000,0.000
233,7.691665,11.984197,4.080268,0.750000,0.991647,0.000000,0.000000,0.128984,11.786114,1.465280,45.000000,0.500000,-0.500000,0.500000,0.500000,4.167
234,7.720832,12.257514,4.151295,0.750000,0.992343,0.000000,0.000000,0.123513,11.019463,1.749198,45.000000,0.500000,-0.500000,0.500000,0.500000,0.000
235,7.754165,12.572437,4.228898,0.750000,0.993156,0.000000,0.000000,0.116797,10.170659,1.883656,45.000000,0.500000,-0.500000,0.500000,0.500000,4.167
236,7.787499,12.889560,4.302445,0.750000,0.993972,0.000000,0.000000,0.109637,9.358225,1.821015,45.000000,0.500000,-0.500000,0.500000,0.500000,4.167
237,7.820832,13.208467,4.371537,0.750000,0.994778,0.000000,0.000000,0.102058,8.590355,1.563385,45.000000,0.500000,-0.500000,0.500000,0.500000,0.000
238,7.854165,13.528762,4.435553,0.750000,0.995565,0.000000,0.000000,0.094073,7.877812,1.111118,45.000000,0.500000,-0.500000,0.500000,0.500000,4.167
239,7.887499,13.849899,4.494373,0.750000,0.996318,0.000000,0.000000,0.085729,7.225845,0.489056,45.000000,0.500000,-0.500000,0.500000,0.500000,4.167
240,7.920832,14.171403,4.547706,0.750000,0.997027,0.000000,0.000000,0.077059,6.641295,-0.281873,45.000000,0.500000,-0.500000,0.500000,0.500000,0.000
241,7.954165,14.492751,4.595015,0.750000,0.997680,0.000000,0.000000,0.068084,6.134305,-1.180054,45.000000,0.500000,-0.500000,0.500000,0.500000,4.167
242,7.987499,14.813416,4.636361,0.750000,0.998267,0.000000,0.000000,0.058851,5.707285,-2.167862,45.000000,0.500000,-0.500000,0.500000,0.500000,4.167
243,8.020832,15.132885,4.671590,0.750000,0.998779,0.000000,0.000000,0.049397,5.365182,-3.212065,45.000000,0.500000,-0.500000,0.500000,0.500000,0.000
244,8.054165,15.450526,4.700296,0.750000,0.999210,0.000000,0.000000,0.039750,5.116711,-4.276516,45.000000,0.500000,-0.500000,0.500000,0.500000,4.167
245,8.087499,15.765869,4.722721,0.750000,0.999551,0.000000,0.000000,0.029959,4.961255,-5.322522,45.000000,0.500000,-0.500000,0.500000,0.500000,4.167
246,8.120832,16.078392,4.738865,0.750000,0.999799,0.000000,0.000000,0.020060,4.901473,-6.314893,45.000000,0.500000,-0.500000,0.500000,0.500000,0.000
247,8.149999,16.348962,4.747612,0.750000,0.999936,0.000000,0.000000,0.011339,4.933375,-7.107639,45.000000,0.500000,-0.500000,0.500000,0.500000,4.167
248,8.183332,16.654650,4.751976,0.750000,0.999999,0.000000,0.000000,0.001344,5.060408,-7.905403,45.000000,0.500000,-0.500000,0.500000,0.500000,0.000
249,8.216665,16.955788,4.750067,0.750000,0.999963,0.000000,0.000000,-0.008644,5.291001,-8.552026,45.000000,0.500000,-0.500000,0.500000,0.500000,4.167
250,8.249999,17.252077,4.742374,0.750000,0.999827,0.000000,0.000000,-0.018585,5.619827,-9.031383,45.000000,0.500000,-0.500000,0.500000,0.500000,4.167
251,8.283332,17.543057,4.729134,0.750000,0.999596,0.000000,0.000000,-0.028439,6.045463,-9.327349,45.000000,0.500000,-0.500000,0.500000,0.500000,0.000
252,8.316665,17.827992,4.710391,0.750000,0.999272,0.000000,0.000000,-0.038162,6.570036,-9.420248,45.000000,0.500000,-0.500000,0.500000,0.500000,4.167
253,8.349999,18.106725,4.686727,0.750000,0.998861,0.000000,0.000000,-0.047720,7.185815,-9.315954,45.000000,0.500000,-0.500000,0.500000,0.500000,4.167
254,8.383332,18.378874,4.658493,0.750000,0.998370,0.000000,0.000000,-0.057076,7.888958,-9.017975,45.000000,0.500000,-0.500000,0.500000,0.500000,0.000
255,8.416665,18.643741,4.625888,0.750000,0.997808,0.000000,0.000000,-0.066183,8.678560,-8.528226,45.000000,0.500000,-0.500000,0.500000,0.500000,4.167
256,8.449999,18.901323,4.589536,0.750000,0.997182,0.000000,0.000000,-0.075014,9.545097,-7.872751,45.000000,0.500000,-0.500000,0.500000,0.500000,4.167
257,8.483332,19.151337,4.549858,0.750000,0.996505,0.000000,0.000000,-0.083537,10.482616,-7.073601,45.000000,0.500000,-0.500000,0.500000,0.500000,0.000
258,8.516665,19.393149,4.507176,0.750000,0.995786,0.000000,0.000000,-0.091702,11.487247,-6.153686,45.000000,0.500000,-0.500000,0.500000,0.500000,4.167
259,8.545832,19.598273,4.467878,0.750000,0.995132,0.000000,0.000000,-0.098548,12.412118,-5.280685,45.000000,0.500000,-0.500000,0.500000,0.500000,0.000
260,8.579165,19.824593,4.421009,0.750000,0.994369,0.000000,0.000000,-0.105975,13.517958,-4.232266,45.000000,0.500000,-0.500000,0.500000,0.500000,4.167
261,8.612499,20.042546,4.372609,0.750000,0.993598,0.000000,0.000000,-0.112974,14.665215,-3.168261,45.000000,0.500000,-0.500000,0.500000,0.500000,4.167
262,8.645832,20.252016,4.323115,0.750000,0.992832,0.000000,0.000000,-0.119519,15.845572,-2.124467,45.000000,0.500000,-0.500000,0.500000,0.500000,0.000
263,8.679165,20.452509,4.272952,0.750000,0.992086,0.000000,0.000000,-0.125562,17.051097,-1.140638,45.000000,0.500000,-0.500000,0.500000,0.500000,4.167
264,8.712499,20.644378,4.222586,0.750000,0.991369,0.000000,0.000000,-0.131103,18.271348,-0.248984,45.000000,0.500000,-0.500000,0.500000,0.500000,4.167
265,8.745832,20.827597,4.172414,0.750000,0.990692,0.000000,0.000000,-0.136121,19.497393,0.520498,45.000000,0.500000,-0.500000,0.500000,0.500000,0.000
266,8.779165,21.001758,4.122858,0.750000,0.990070,0.000000,0.000000,-0.140573,20.719575,1.133427,45.000000,0.500000,-0.500000,0.500000,0.500000,4.167
267,8.812499,21.167301,4.074255,0.750000,0.989510,0.000000,0.000000,-0.144467,21.928623,1.575119,45.000000,0.500000,-0.500000,0.500000,0.500000,4.167
268,8.845832,21.324274,4.026924,0.750000,0.989019,0.000000,0.000000,-0.147790,23.115697,1.830715,45.000000,0.500000,-0.500000,0.500000,0.500000,0.000
269,8.879165,21.472345,3.981246,0.750000,0.988610,0.000000,0.000000,-0.150501,24.270186,1.881912,45.000000,0.500000,-0.500000,0.500000,0.500000,4.167
270,8.912499,21.612011,3.937414,0.750000,0.988285,0.000000,0.000000,-0.152619,25.384723,1.736124,45.000000,0.500000,-0.500000,0.500000,0.500000,4.167
271,8.945832,21.743376,3.895650,0.750000,0.988050,0.000000,0.000000,-0.154136,26.451265,1.398256,45.000000,0.500000,-0.500000,0.500000,0.500000,0.000
272,8.974999,21.851259,3.861055,0.750000,0.987924,0.000000,0.000000,-0.154940,27.336364,0.946684,45.000000,0.500000,-0.500000,0.500000,0.500000,4.167
273,9.008332,21.967159,3.823731,0.750000,0.987868,0.000000,0.000000,-0.155298,28.290158,0.280326,45.000000,0.500000,-0.500000,0.500000,0.500000,0.000
274,9.041665,22.074775,3.789055,0.750000,0.987912,0.000000,0.000000,-0.155017,29.171145,-0.533815,45.000000,0.500000,-0.500000,0.500000,0.500000,4.167
275,9.074999,22.174646,3.756995,0.750000,0.988051,0.000000,0.000000,-0.154126,29.976218,-1.460168,45.000000,0.500000,-0.500000,0.500000,0.500000,4.167
276,9.108332,22.267298,3.727482,0.750000,0.988279,0.000000,0.000000,-0.152658,30.703914,-2.464343,45.000000,0.500000,-0.500000,0.500000,0.500000,0.000
277,9.141665,22.351845,3.700892,0.750000,0.988605,0.000000,0.000000,-0.150530,31.337168,-3.519180,45.000000,0.500000,-0.500000,0.500000,0.500000,4.167
278,9.174999,22.429198,3.676967,0.750000,0.989016,0.000000,0.000000,-0.147810,31.879850,-4.581872,45.000000,0.500000,-0.500000,0.500000,0.500000,4.167
279,9.208332,22.499555,3.655660,0.750000,0.989504,0.000000,0.000000,-0.144505,32.328736,-5.616668,45.000000,0.500000,-0.500000,0.500000,0.500000,0.000
280,9.241665,22.562816,3.637013,0.750000,0.990066,0.000000,0.000000,-0.140602,32.676674,-6.583785,45.000000,0.500000,-0.500000,0.500000,0.500000,4.167
281,9.274999,22.619536,3.620800,0.750000,0.990689,0.000000,0.000000,-0.136142,32.926575,-7.451953,45.000000,0.500000,-0.500000,0.500000,0.500000,4.167
282,9.308332,22.669949,3.606897,0.750000,0.991364,0.000000,0.000000,-0.131140,33.077682,-8.191967,45.000000,0.500000,-0.500000,0.500000,0.500000,0.000
283,9.341665,22.714027,3.595255,0.750000,0.992082,0.000000,0.000000,-0.125591,33.125380,-8.770257,45.000000,0.500000,-0.500000,0.500000,0.500000,4.167
284,9.370832,22.747944,3.586676,0.750000,0.992734,0.000000,0.000000,-0.120332,33.088515,-9.136424,45.000000,0.500000,-0.500000,0.500000,0.500000,0.000
285,9.404165,22.781262,3.578677,0.750000,0.993498,0.000000,0.000000,-0.113847,32.951587,-9.369658,45.000000,0.500000,-0.500000,0.500000,0.500000,4.167
286,9.437498,22.809354,3.572322,0.750000,0.994269,0.000000,0.000000,-0.106904,32.721109,-9.407262,45.000000,0.500000,-0.500000,0.500000,0.500000,4.167
287,9.470832,22.832521,3.567424,0.750000,0.995035,0.000000,0.000000,-0.099529,32.400374,-9.247972,45.000000,0.500000,-0.500000,0.500000,0.500000,0.000
288,9.504165,22.850880,3.563841,0.750000,0.995784,0.000000,0.000000,-0.091732,31.989569,-8.888396,45.000000,0.500000,-0.500000,0.500000,0.500000,4.167
289,9.537498,22.865001,3.561312,0.750000,0.996503,0.000000,0.000000,-0.083562,31.497856,-8.350341,45.000000,0.500000,-0.500000,0.500000,0.500000,4.167
290,9.570832,22.875232,3.559653,0.750000,0.997180,0.000000,0.000000,-0.075049,30.930729,-7.651908,45.000000,0.500000,-0.500000,0.500000,0.500000,0.000
291,9.604165,22.881789,3.558707,0.750000,0.997806,0.000000,0.000000,-0.066213,30.291376,-6.811474,45.000000,0.500000,-0.500000,0.500000,0.500000,4.167
292,9.637498,22.885237,3.558269,0.750000,0.998368,0.000000,0.000000,-0.057102,29.590183,-5.865280,45.000000,0.500000,-0.500000,0.500000,0.500000,4.167
293,9.670832,22.885967,3.558186,0.750000,0.998859,0.000000,0.000000,-0.047753,28.834407,-4.845157,45.000000,0.500000,-0.500000,0.500000,0.500000,0.000
294,9.704165,22.884294,3.558327,0.750000,0.999270,0.000000,0.000000,-0.038192,28.029984,-3.785529,45.000000,0.500000,-0.500000,0.500000,0.500000,4.167
295,9.737498,22.880763,3.558564,0.750000,0.999595,0.000000,0.000000,-0.028467,27.187700,-2.725788,45.000000,0.500000,-0.500000,0.500000,0.500000,4.167
296,9.770832,22.875796,3.558803,0.750000,0.999827,0.000000,0.000000,-0.018616,26.315999,-1.701585,45.000000,0.500000,-0.500000,0.500000,0.500000,0.000
297,9.799998,22.870584,3.558955,0.750000,0.999951,0.000000,0.000000,-0.009920,25.535485,-0.866294,45.000000,0.500000,-0.500000,0.500000,0.500000,4.167
298,9.833332,22.864101,3.559029,0.750000,1.000000,0.000000,0.000000,0.000064,24.632619,-0.005750,45.000000,0.500000,-0.500000,0.500000,0.500000,0.000
299,9.866665,22.857483,3.558968,0.750000,0.999949,0.000000,0.000000,0.010059,23.726701,0.717576,45.000000,0.500000,-0.500000,0.500000,0.500000,4.167
