kare,t,hedef_x,hedef_y,hedef_z,hedef_qw,hedef_qx,hedef_qy,hedef_qz,celdirici_x,celdirici_y,celdirici_z,celdirici_qw,celdirici_qx,celdirici_qy,celdirici_qz,kam_x,kam_y,kam_z,kam_qw,kam_qx,kam_qy,kam_qz,senkron_bosluk_ms
0,0.000000,-23.200000,-2.200000,0.750000,1.000000,0.000000,0.000000,0.000000,19.416667,2.200000,0.750000,0.000000,0.000000,0.000000,1.000000,-23.200105,0.000000,44.988238,0.419102,-0.419102,0.569520,0.569520,4.167
1,0.033333,-23.040000,-2.200000,0.750000,1.000000,0.000000,0.000000,0.000000,19.300000,2.200000,0.750000,0.000000,0.000000,0.000000,1.000000,-23.040117,0.000000,44.986431,0.406735,-0.406735,0.578417,0.578417,0.000
2,0.066667,-22.880000,-2.200000,0.750000,1.000000,0.000000,0.000000,0.000000,19.183333,2.200000,0.750000,0.000000,0.000000,0.000000,1.000000,-22.880125,0.000000,44.984987,0.396923,-0.396923,0.585194,0.585194,4.167
3,0.100000,-22.720000,-2.200000,0.750000,1.000000,0.000000,0.000000,0.000000,19.066667,2.200000,0.750000,0.000000,0.000000,0.000000,1.000000,-22.720129,0.000000,44.983931,0.389917,-0.389917,0.589885,0.589885,4.167
4,0.133333,-22.560000,-2.200000,0.750000,1.000000,0.000000,0.000000,0.000000,18.950000,2.200000,0.750000,0.000000,0.000000,0.000000,1.000000,-22.560130,0.000000,44.983289,0.385978,-0.385978,0.592470,0.592470,0.000
5,0.166667,-22.400000,-2.200000,0.750000,1.000000,0.000000,0.000000,0.000000,18.833334,2.200000,0.750000,0.000000,0.000000,0.000000,1.000000,-22.400131,0.000000,44.983101,0.385411,-0.385411,0.592840,0.592840,4.167
6,0.200000,-22.240000,-2.200000,0.750000,1.000000,0.000000,0.000000,0.000000,18.716667,2.200000,0.750000,0.000000,0.000000,0.000000,1.000000,-22.240131,0.000000,44.983351,0.388083,-0.388083,0.591093,0.591093,4.167
7,0.233333,-22.080000,-2.200000,0.750000,1.000000,0.000000,0.000000,0.000000,18.600000,2.200000,0.750000,0.000000,0.000000,0.000000,1.000000,-22.080133,0.000000,44.984034,0.393898,-0.393898,0.587235,0.587235,0.000
8,0.266667,-21.920000,-2.200000,0.750000,1.000000,0.000000,0.000000,0.000000,18.483334,2.200000,0.750000,0.000000,0.000000,0.000000,1.000000,-21.920137,0.000000,44.985148,0.402770,-0.402770,0.581186,0.581186,4.167
9,0.295833,-21.780000,-2.200000,0.750000,1.000000,0.000000,0.000000,0.000000,18.381250,2.200000,0.750000,0.000000,0.000000,0.000000,1.000000,-21.780144,0.000000,44.986431,0.412619,-0.412619,0.574234,0.574234,0.000
10,0.329167,-21.620000,-2.200000,0.750000,1.000000,0.000000,0.000000,0.000000,18.264584,2.200000,0.750000,0.000000,0.000000,0.000000,1.000000,-21.620156,0.000000,44.988238,0.426051,-0.426051,0.564341,0.564341,4.167
11,0.362500,-21.460000,-2.200000,0.750000,1.000000,0.000000,0.000000,0.000000,18.147917,2.200000,0.750000,0.000000,0.000000,0.000000,1.000000,-21.460172,0.000000,44.990340,0.441197,-0.441197,0.552581,0.552581,4.167
12,0.395833,-21.300000,-2.200000,0.750000,1.000000,0.000000,0.000000,0.000000,18.031250,2.200000,0.750000,0.000000,0.000000,0.000000,1.000000,-21.300192,0.000000,44.992683,0.457532,-0.457532,0.539133,0.539133,0.000
13,0.429167,-21.140000,-2.200000,0.750000,1.000000,0.000000,0.000000,0.000000,17.914584,2.200000,0.750000,0.000000,0.000000,0.000000,1.000000,-21.140215,0.000000,44.995208,0.474537,-0.474537,0.524227,0.524227,4.167
14,0.462500,-20.980000,-2.200000,0.750000,1.000000,0.000000,0.000000,0.000000,17.797917,2.200000,0.750000,0.000000,0.000000,0.000000,1.000000,-20.980240,0.000000,44.997836,0.491600,-0.491600,0.508261,0.508261,4.167
15,0.495833,-20.820001,-2.200000,0.750000,1.000000,0.000000,0.000000,0.000000,17.681250,2.200000,0.750000,0.000000,0.000000,0.000000,1.000000,-20.820266,0.000000,45.000497,0.508219,-0.508219,0.491644,0.491644,0.000
16,0.529167,-20.660001,-2.200000,0.750000,1.000000,0.000000,0.000000,0.000000,17.564584,2.200000,0.750000,0.000000,0.000000,0.000000,1.000000,-20.660291,0.000000,45.003115,0.523906,-0.523906,0.474892,0.474892,4.167
17,0.562500,-20.500001,-2.200000,0.750000,1.000000,0.000000,0.000000,0.000000,17.447917,2.200000,0.750000,0.000000,0.000000,0.000000,1.000000,-20.500314,0.000000,45.005619,0.538284,-0.538284,0.458531,0.458531,4.167
18,0.595833,-20.340001,-2.200000,0.750000,1.000000,0.000000,0.000000,0.000000,17.331250,2.200000,0.750000,0.000000,0.000000,0.000000,1.000000,-20.340334,0.000000,45.007941,0.551056,-0.551056,0.443100,0.443100,0.000
19,0.629167,-20.180001,-2.200000,0.750000,1.000000,0.000000,0.000000,0.000000,17.214584,2.200000,0.750000,0.000000,0.000000,0.000000,1.000000,-20.180359,0.000000,45.010505,0.562025,-0.562025,0.429101,0.429101,4.167
20,0.662500,-20.020001,-2.200000,0.750000,1.000000,0.000000,0.000000,0.000000,17.097917,2.200000,0.750000,0.000000,0.000000,0.000000,1.000000,-20.020386,0.000000,45.012923,0.571014,-0.571014,0.417065,0.417065,4.167
21,0.695833,-19.860001,-2.200000,0.750000,1.000000,0.000000,0.000000,0.000000,16.981250,2.200000,0.750000,0.000000,0.000000,0.000000,1.000000,-19.860393,0.000000,45.014332,0.577782,-0.577782,0.407637,0.407637,0.000
22,0.725000,-19.720001,-2.200000,0.750000,1.000000,0.000000,0.000000,0.000000,16.879167,2.200000,0.750000,0.000000,0.000000,0.000000,1.000000,-19.720397,0.000000,45.015228,0.581858,-0.581858,0.401798,0.401798,4.167
23,0.758333,-19.560001,-2.200000,0.750000,1.000000,0.000000,0.000000,0.000000,16.762501,2.200000,0.750000,0.000000,0.000000,0.000000,1.000000,-19.560398,0.000000,45.015869,0.584522,-0.584522,0.397912,0.397912,0.000
24,0.791667,-19.400001,-2.200000,0.750000,1.000000,0.000000,0.000000,0.000000,16.645834,2.200000,0.750000,0.000000,0.000000,0.000000,1.000000,-19.400399,0.000000,45.016057,0.584903,-0.584903,0.397352,0.397352,4.167
25,0.825000,-19.240001,-2.200000,0.750000,1.000000,0.000000,0.000000,0.000000,16.529167,2.200000,0.750000,0.000000,0.000000,0.000000,1.000000,-19.240399,0.000000,45.015807,0.583103,-0.583103,0.399989,0.399989,4.167
26,0.858333,-19.080001,-2.200000,0.750000,1.000000,0.000000,0.000000,0.000000,16.412501,2.200000,0.750000,0.000000,0.000000,0.000000,1.000000,-19.080401,0.000000,45.015125,0.579127,-0.579127,0.405724,0.405724,0.000
27,0.891667,-18.920001,-2.200000,0.750000,1.000000,0.000000,0.000000,0.000000,16.295834,2.200000,0.750000,0.000000,0.000000,0.000000,1.000000,-18.920405,0.000000,45.014011,0.572899,-0.572899,0.414471,0.414471,4.167
28,0.925000,-18.760001,-2.200000,0.750000,1.000000,0.000000,0.000000,0.000000,16.179167,2.200000,0.750000,0.000000,0.000000,0.000000,1.000000,-18.760413,0.000000,45.012515,0.564566,-0.564566,0.425753,0.425753,4.167
29,0.958333,-18.600001,-2.200000,0.750000,1.000000,0.000000,0.000000,0.000000,16.062501,2.200000,0.750000,0.000000,0.000000,0.000000,1.000000,-18.600425,0.000000,45.010678,0.554204,-0.554204,0.439156,0.439156,0.000
30,0.991667,-18.440001,-2.200000,0.750000,1.000000,0.000000,0.000000,0.000000,15.945834,2.200000,0.750000,0.000000,0.000000,0.000000,1.000000,-18.440442,0.000000,45.008537,0.541886,-0.541886,0.454268,0.454268,4.167
31,1.025000,-18.280001,-2.200000,0.750000,1.000000,0.000000,0.000000,0.000000,15.829167,2.200000,0.750000,0.000000,0.000000,0.000000,1.000000,-18.280463,0.000000,45.006166,0.527899,-0.527899,0.470450,0.470450,4.167
32,1.058333,-18.120001,-2.200000,0.750000,1.000000,0.000000,0.000000,0.000000,15.712501,2.200000,0.750000,0.000000,0.000000,0.000000,1.000000,-18.120486,0.000000,45.003628,0.512517,-0.512517,0.487161,0.487161,0.000
33,1.091666,-17.960001,-2.200000,0.750000,1.000000,0.000000,0.000000,0.000000,15.595834,2.200000,0.750000,0.000000,0.000000,0.000000,1.000000,-17.960511,0.000000,45.000990,0.496095,-0.496095,0.503875,0.503875,4.167
34,1.120833,-17.820001,-2.200000,0.750000,1.000000,0.000000,0.000000,0.000000,15.493751,2.200000,0.750000,0.000000,0.000000,0.000000,1.000000,-17.820534,0.000000,44.998661,0.481238,-0.481238,0.518083,0.518083,0.000
35,1.154166,-17.660001,-2.200000,0.750000,1.000000,0.000000,0.000000,0.000000,15.377084,2.200000,0.750000,0.000000,0.000000,0.000000,1.000000,-17.660559,0.000000,44.996043,0.464171,-0.464171,0.533428,0.533428,4.167
36,1.187500,-17.500001,-2.200000,0.750000,1.000000,0.000000,0.000000,0.000000,15.260417,2.200000,0.750000,0.000000,0.000000,0.000000,1.000000,-17.500582,0.000000,44.993540,0.447522,-0.447522,0.547470,0.547470,4.167
37,1.220833,-17.340001,-2.200000,0.750000,1.000000,0.000000,0.000000,0.000000,15.143751,2.200000,0.750000,0.000000,0.000000,0.000000,1.000000,-17.340602,0.000000,44.991218,0.431835,-0.431835,0.559927,0.559927,0.000
38,1.254166,-17.180001,-2.200000,0.750000,1.000000,0.000000,0.000000,0.000000,15.027084,2.200000,0.750000,0.000000,0.000000,0.000000,1.000000,-17.180618,0.000000,44.989153,0.417758,-0.417758,0.570507,0.570507,4.167
39,1.287500,-17.020001,-2.200000,0.750000,1.000000,0.000000,0.000000,0.000000,14.910417,2.200000,0.750000,0.000000,0.000000,0.000000,1.000000,-17.020629,0.000000,44.987394,0.405723,-0.405723,0.579128,0.579128,4.167
40,1.320833,-16.860001,-2.200000,0.750000,1.000000,0.000000,0.000000,0.000000,14.793751,2.200000,0.750000,0.000000,0.000000,0.000000,1.000000,-16.860636,0.000000,44.985985,0.396164,-0.396164,0.585709,0.585709,0.000
41,1.354166,-16.700001,-2.200000,0.750000,1.000000,0.000000,0.000000,0.000000,14.677084,2.200000,0.750000,0.000000,0.000000,0.000000,1.000000,-16.700640,0.000000,44.984986,0.389584,-0.389584,0.590105,0.590105,4.167
42,1.387500,-16.540001,-2.200000,0.750000,1.000000,0.000000,0.000000,0.000000,14.560418,2.200000,0.750000,0.000000,0.000000,0.000000,1.000000,-16.540642,0.000000,44.984406,0.386101,-0.386101,0.592390,0.592390,4.167
43,1.420833,-16.380001,-2.200000,0.750000,1.000000,0.000000,0.000000,0.000000,14.443751,2.200000,0.750000,0.000000,0.000000,0.000000,1.000000,-16.380642,0.000000,44.984259,0.385843,-0.385843,0.592558,0.592558,0.000
44,1.454166,-16.220001,-2.200000,0.750000,1.000000,0.000000,0.000000,0.000000,14.327084,2.200000,0.750000,0.000000,0.000000,0.000000,1.000000,-16.220642,0.000000,44.984572,0.388973,-0.388973,0.590508,0.590508,4.167
45,1.487500,-16.060001,-2.200000,0.750000,1.000000,0.000000,0.000000,0.000000,14.210418,2.200000,0.750000,0.000000,0.000000,0.000000,1.000000,-16.060644,0.000000,44.985315,0.395218,-0.395218,0.586347,0.586347,4.167
46,1.520833,-15.900001,-2.200000,0.750000,1.000000,0.000000,0.000000,0.000000,14.093751,2.200000,0.750000,0.000000,0.000000,0.000000,1.000000,-15.900649,0.000000,44.986467,0.404345,-0.404345,0.580091,0.580091,0.000
47,1.550000,-15.760001,-2.200000,0.750000,1.000000,0.000000,0.000000,0.000000,13.991668,2.200000,0.750000,0.000000,0.000000,0.000000,1.000000,-15.760657,0.000000,44.987802,0.414536,-0.414536,0.572852,0.572852,4.167
48,1.583333,-15.600001,-2.200000,0.750000,1.000000,0.000000,0.000000,0.000000,13.875001,2.200000,0.750000,0.000000,0.000000,0.000000,1.000000,-15.600669,0.000000,44.989639,0.428141,-0.428141,0.562757,0.562757,0.000
49,1.616666,-15.440001,-2.200000,0.750000,1.000000,0.000000,0.000000,0.000000,13.758334,2.200000,0.750000,0.000000,0.000000,0.000000,1.000000,-15.440685,0.000000,44.991780,0.443493,-0.443493,0.550739,0.550739,4.167
50,1.650000,-15.280001,-2.200000,0.750000,1.000000,0.000000,0.000000,0.000000,13.641668,2.200000,0.750000,0.000000,0.000000,0.000000,1.000000,-15.280706,0.000000,44.994151,0.459947,-0.459947,0.537074,0.537074,4.167
51,1.683333,-15.120001,-2.200000,0.750000,1.000000,0.000000,0.000000,0.000000,13.525001,2.200000,0.750000,0.000000,0.000000,0.000000,1.000000,-15.120729,0.000000,44.996688,0.476959,-0.476959,0.522025,0.522025,0.000
52,1.716666,-14.960001,-2.200000,0.750000,1.000000,0.000000,0.000000,0.000000,13.408334,2.200000,0.750000,0.000000,0.000000,0.000000,1.000000,-14.960755,0.000000,44.999326,0.493993,-0.493993,0.505935,0.505935,4.167
53,1.750000,-14.800001,-2.200000,0.750000,1.000000,0.000000,0.000000,0.000000,13.291668,2.200000,0.750000,0.000000,0.000000,0.000000,1.000000,-14.800781,0.000000,45.001986,0.510505,-0.510505,0.489269,0.489269,4.167
54,1.783333,-14.640001,-2.200000,0.750000,1.000000,0.000000,0.000000,0.000000,13.175001,2.200000,0.750000,0.000000,0.000000,0.000000,1.000000,-14.640799,0.000000,45.004097,0.526031,-0.526031,0.472537,0.472537,0.000
55,1.816666,-14.480002,-2.200000,0.750000,1.000000,0.000000,0.000000,0.000000,13.058334,2.200000,0.750000,0.000000,0.000000,0.000000,1.000000,-14.480822,0.000000,45.006579,0.540200,-0.540200,0.456272,0.456272,4.167
56,1.850000,-14.320002,-2.200000,0.750000,1.000000,0.000000,0.000000,0.000000,12.941668,2.200000,0.750000,0.000000,0.000000,0.000000,1.000000,-14.320841,0.000000,45.008869,0.552719,-0.552719,0.441024,0.441024,4.167
57,1.883333,-14.160002,-2.200000,0.750000,1.000000,0.000000,0.000000,0.000000,12.825001,2.200000,0.750000,0.000000,0.000000,0.000000,1.000000,-14.160856,0.000000,45.010907,0.563380,-0.563380,0.427320,0.427320,0.000
58,1.916666,-14.000002,-2.200000,0.750000,1.000000,0.000000,0.000000,0.000000,12.708334,2.200000,0.750000,0.000000,0.000000,0.000000,1.000000,-14.000867,0.000000,45.012619,0.571950,-0.571950,0.415780,0.415780,4.167
59,1.945833,-13.860002,-2.200000,0.750000,1.000000,0.000000,0.000000,0.000000,12.606251,2.200000,0.750000,0.000000,0.000000,0.000000,1.000000,-13.860874,0.000000,45.013832,0.577758,-0.577758,0.407671,0.407671,0.000
60,1.979166,-13.700002,-2.200000,0.750000,1.000000,0.000000,0.000000,0.000000,12.489585,2.200000,0.750000,0.000000,0.000000,0.000000,1.000000,-13.700877,0.000000,45.014831,0.582284,-0.582284,0.401180,0.401180,4.167
61,2.012500,-13.540002,-2.200000,0.750000,1.000000,0.000000,0.000000,0.000000,12.372918,2.200000,0.750000,0.000000,0.000000,0.000000,1.000000,-13.540879,0.000000,45.015412,0.584638,-0.584638,0.397742,0.397742,4.167
62,2.045833,-13.380002,-2.200000,0.750000,1.000000,0.000000,0.000000,0.000000,12.256251,2.200000,0.750000,0.000000,0.000000,0.000000,1.000000,-13.380879,0.000000,45.015558,0.584811,-0.584811,0.397488,0.397488,0.000
63,2.079166,-13.220002,-2.200000,0.750000,1.000000,0.000000,0.000000,0.000000,12.139585,2.200000,0.750000,0.000000,0.000000,0.000000,1.000000,-13.220879,0.000000,45.015245,0.582699,-0.582699,0.400577,0.400577,4.167
64,2.112500,-13.060002,-2.200000,0.750000,1.000000,0.000000,0.000000,0.000000,12.022918,2.200000,0.750000,0.000000,0.000000,0.000000,1.000000,-13.060881,0.000000,45.014503,0.578416,-0.578416,0.406737,0.406737,4.167
65,2.145833,-12.900002,-2.200000,0.750000,1.000000,0.000000,0.000000,0.000000,11.906251,2.200000,0.750000,0.000000,0.000000,0.000000,1.000000,-12.900886,0.000000,45.013351,0.571980,-0.571980,0.415739,0.415739,0.000
66,2.179166,-12.740002,-2.200000,0.750000,1.000000,0.000000,0.000000,0.000000,11.789585,2.200000,0.750000,0.000000,0.000000,0.000000,1.000000,-12.740895,0.000000,45.011803,0.563353,-0.563353,0.427357,0.427357,4.167
67,2.212500,-12.580002,-2.200000,0.750000,1.000000,0.000000,0.000000,0.000000,11.672918,2.200000,0.750000,0.000000,0.000000,0.000000,1.000000,-12.580908,0.000000,45.009921,0.552719,-0.552719,0.441024,0.441024,4.167
68,2.245833,-12.420002,-2.200000,0.750000,1.000000,0.000000,0.000000,0.000000,11.556251,2.200000,0.750000,0.000000,0.000000,0.000000,1.000000,-12.420925,0.000000,45.007756,0.540218,-0.540218,0.456250,0.456250,0.000
69,2.279166,-12.260002,-2.200000,0.750000,1.000000,0.000000,0.000000,0.000000,11.439585,2.200000,0.750000,0.000000,0.000000,0.000000,1.000000,-12.260946,0.000000,45.005357,0.526017,-0.526017,0.472552,0.472552,4.167
70,2.312500,-12.100002,-2.200000,0.750000,1.000000,0.000000,0.000000,0.000000,11.322918,2.200000,0.750000,0.000000,0.000000,0.000000,1.000000,-12.100970,0.000000,45.002802,0.510478,-0.510478,0.489298,0.489298,4.167
71,2.345833,-11.940002,-2.200000,0.750000,1.000000,0.000000,0.000000,0.000000,11.206251,2.200000,0.750000,0.000000,0.000000,0.000000,1.000000,-11.940995,0.000000,45.000158,0.493963,-0.493963,0.505965,0.505965,0.000
72,2.375000,-11.800002,-2.200000,0.750000,1.000000,0.000000,0.000000,0.000000,11.104168,2.200000,0.750000,0.000000,0.000000,0.000000,1.000000,-11.801018,0.000000,44.997831,0.479076,-0.479076,0.520082,0.520082,4.167
73,2.408333,-11.640002,-2.200000,0.750000,1.000000,0.000000,0.000000,0.000000,10.987501,2.200000,0.750000,0.000000,0.000000,0.000000,1.000000,-11.641043,0.000000,44.995221,0.462010,-0.462010,0.535301,0.535301,0.000
74,2.441666,-11.480002,-2.200000,0.750000,1.000000,0.000000,0.000000,0.000000,10.870835,2.200000,0.750000,0.000000,0.000000,0.000000,1.000000,-11.481065,0.000000,44.992739,0.445467,-0.445467,0.549144,0.549144,4.167
75,2.475000,-11.320002,-2.200000,0.750000,1.000000,0.000000,0.000000,0.000000,10.754168,2.200000,0.750000,0.000000,0.000000,0.000000,1.000000,-11.321084,0.000000,44.990449,0.429974,-0.429974,0.561358,0.561358,4.167
76,2.508333,-11.160002,-2.200000,0.750000,1.000000,0.000000,0.000000,0.000000,10.637501,2.200000,0.750000,0.000000,0.000000,0.000000,1.000000,-11.161100,0.000000,44.988411,0.416061,-0.416061,0.571746,0.571746,0.000
77,2.541666,-11.000002,-2.200000,0.750000,1.000000,0.000000,0.000000,0.000000,10.520835,2.200000,0.750000,0.000000,0.000000,0.000000,1.000000,-11.001111,0.000000,44.986698,0.404354,-0.404354,0.580085,0.580085,4.167
78,2.575000,-10.840002,-2.200000,0.750000,1.000000,0.000000,0.000000,0.000000,10.404168,2.200000,0.750000,0.000000,0.000000,0.000000,1.000000,-10.841118,0.000000,44.985344,0.395184,-0.395184,0.586370,0.586370,4.167
79,2.608333,-10.680002,-2.200000,0.750000,1.000000,0.000000,0.000000,0.000000,10.287502,2.200000,0.750000,0.000000,0.000000,0.000000,1.000000,-10.681121,0.000000,44.984384,0.388889,-0.388889,0.590563,0.590563,0.000
80,2.641666,-10.520002,-2.200000,0.750000,1.000000,0.000000,0.000000,0.000000,10.170835,2.200000,0.750000,0.000000,0.000000,0.000000,1.000000,-10.521122,0.000000,44.983864,0.385861,-0.385861,0.592547,0.592547,4.167
81,2.675000,-10.360002,-2.200000,0.750000,1.000000,0.000000,0.000000,0.000000,10.054168,2.200000,0.750000,0.000000,0.000000,0.000000,1.000000,-10.361122,0.000000,44.983781,0.386067,-0.386067,0.592412,0.592412,4.167
82,2.708333,-10.200002,-2.200000,0.750000,1.000000,0.000000,0.000000,0.000000,9.937502,2.200000,0.750000,0.000000,0.000000,0.000000,1.000000,-10.201123,0.000000,44.984135,0.389501,-0.389501,0.590160,0.590160,0.000
83,2.741666,-10.040002,-2.200000,0.750000,1.000000,0.000000,0.000000,0.000000,9.820835,2.200000,0.750000,0.000000,0.000000,0.000000,1.000000,-10.041125,0.000000,44.984938,0.396177,-0.396177,0.585700,0.585700,4.167
84,2.770833,-9.900002,-2.200000,0.750000,1.000000,0.000000,0.000000,0.000000,9.718752,2.200000,0.750000,0.000000,0.000000,0.000000,1.000000,-9.901130,0.000000,44.985967,0.404311,-0.404311,0.580114,0.580114,0.000
85,2.804166,-9.740002,-2.200000,0.750000,1.000000,0.000000,0.000000,0.000000,9.602085,2.200000,0.750000,0.000000,0.000000,0.000000,1.000000,-9.741138,0.000000,44.987515,0.416098,-0.416098,0.571719,0.571719,4.167
86,2.837500,-9.580002,-2.200000,0.750000,1.000000,0.000000,0.000000,0.000000,9.485418,2.200000,0.750000,0.000000,0.000000,0.000000,1.000000,-9.581151,0.000000,44.989396,0.429973,-0.429973,0.561358,0.561358,4.167
87,2.870833,-9.420002,-2.200000,0.750000,1.000000,0.000000,0.000000,0.000000,9.368752,2.200000,0.750000,0.000000,0.000000,0.000000,1.000000,-9.421168,0.000000,44.991562,0.445445,-0.445445,0.549162,0.549162,0.000
88,2.904166,-9.260002,-2.200000,0.750000,1.000000,0.000000,0.000000,0.000000,9.252085,2.200000,0.750000,0.000000,0.000000,0.000000,1.000000,-9.261189,0.000000,44.993961,0.462025,-0.462025,0.535287,0.535287,4.167
89,2.937500,-9.100002,-2.200000,0.750000,1.000000,0.000000,0.000000,0.000000,9.135418,2.200000,0.750000,0.000000,0.000000,0.000000,1.000000,-9.101213,0.000000,44.996516,0.479076,-0.479076,0.520083,0.520083,4.167
90,2.970833,-8.940002,-2.200000,0.750000,1.000000,0.000000,0.000000,0.000000,9.018752,2.200000,0.750000,0.000000,0.000000,0.000000,1.000000,-8.941238,0.000000,44.999159,0.496067,-0.496067,0.503902,0.503902,0.000
91,3.004166,-8.780002,-2.200000,0.750000,1.000000,0.000000,0.000000,0.000000,8.902085,2.200000,0.750000,0.000000,0.000000,0.000000,1.000000,-8.781264,0.000000,45.001817,0.512482,-0.512482,0.487198,0.487198,4.167
92,3.037500,-8.620002,-2.200000,0.750000,1.000000,0.000000,0.000000,0.000000,8.785418,2.200000,0.750000,0.000000,0.000000,0.000000,1.000000,-8.621289,0.000000,45.004413,0.527871,-0.527871,0.470480,0.470480,4.167
93,3.070833,-8.460002,-2.200000,0.750000,1.000000,0.000000,0.000000,0.000000,8.668752,2.200000,0.750000,0.000000,0.000000,0.000000,1.000000,-8.461311,0.000000,45.006880,0.541880,-0.541880,0.454275,0.454275,0.000
94,3.104166,-8.300003,-2.200000,0.750000,1.000000,0.000000,0.000000,0.000000,8.552085,2.200000,0.750000,0.000000,0.000000,0.000000,1.000000,-8.301330,0.000000,45.009139,0.554155,-0.554155,0.439218,0.439218,4.167
95,3.137499,-8.140003,-2.200000,0.750000,1.000000,0.000000,0.000000,0.000000,8.435419,2.200000,0.750000,0.000000,0.000000,0.000000,1.000000,-8.141345,0.000000,45.011135,0.564541,-0.564541,0.425786,0.425786,4.167
96,3.170833,-7.980003,-2.200000,0.750000,1.000000,0.000000,0.000000,0.000000,8.318752,2.200000,0.750000,0.000000,0.000000,0.000000,1.000000,-7.981355,0.000000,45.012815,0.572907,-0.572907,0.414461,0.414461,0.000
97,3.199999,-7.840003,-2.200000,0.750000,1.000000,0.000000,0.000000,0.000000,8.216669,2.200000,0.750000,0.000000,0.000000,0.000000,1.000000,-7.841361,0.000000,45.013974,0.578416,-0.578416,0.406738,0.406738,4.167
98,3.233333,-7.680003,-2.200000,0.750000,1.000000,0.000000,0.000000,0.000000,8.100002,2.200000,0.750000,0.000000,0.000000,0.000000,1.000000,-7.681364,0.000000,45.014934,0.582733,-0.582733,0.400527,0.400527,0.000
99,3.266666,-7.520003,-2.200000,0.750000,1.000000,0.000000,0.000000,0.000000,7.983335,2.200000,0.750000,0.000000,0.000000,0.000000,1.000000,-7.521365,0.000000,45.015453,0.584776,-0.584776,0.397538,0.397538,4.167
100,3.299999,-7.360003,-2.200000,0.750000,1.000000,0.000000,0.000000,0.000000,7.866669,2.200000,0.750000,0.000000,0.000000,0.000000,1.000000,-7.361366,0.000000,45.015537,0.584638,-0.584638,0.397742,0.397742,4.167
101,3.333333,-7.200003,-2.200000,0.750000,1.000000,0.000000,0.000000,0.000000,7.750002,2.200000,0.750000,0.000000,0.000000,0.000000,1.000000,-7.201366,0.000000,45.015183,0.582318,-0.582318,0.401131,0.401131,0.000
102,3.366666,-7.040003,-2.200000,0.750000,1.000000,0.000000,0.000000,0.000000,7.633335,2.200000,0.750000,0.000000,0.000000,0.000000,1.000000,-7.041369,0.000000,45.014380,0.577726,-0.577726,0.407717,0.407717,4.167
103,3.399999,-6.880003,-2.200000,0.750000,1.000000,0.000000,0.000000,0.000000,7.516669,2.200000,0.750000,0.000000,0.000000,0.000000,1.000000,-6.881374,0.000000,45.013172,0.570990,-0.570990,0.417097,0.417097,4.167
104,3.433333,-6.720003,-2.200000,0.750000,1.000000,0.000000,0.000000,0.000000,7.400002,2.200000,0.750000,0.000000,0.000000,0.000000,1.000000,-6.721383,0.000000,45.011591,0.562159,-0.562159,0.428925,0.428925,0.000
105,3.466666,-6.560003,-2.200000,0.750000,1.000000,0.000000,0.000000,0.000000,7.283335,2.200000,0.750000,0.000000,0.000000,0.000000,1.000000,-6.561396,0.000000,45.009665,0.551253,-0.551253,0.442855,0.442855,4.167
106,3.499999,-6.400003,-2.200000,0.750000,1.000000,0.000000,0.000000,0.000000,7.166669,2.200000,0.750000,0.000000,0.000000,0.000000,1.000000,-6.401414,0.000000,45.007464,0.538512,-0.538512,0.458262,0.458262,4.167
107,3.533333,-6.240003,-2.200000,0.750000,1.000000,0.000000,0.000000,0.000000,7.050002,2.200000,0.750000,0.000000,0.000000,0.000000,1.000000,-6.241435,0.000000,45.005047,0.524155,-0.524155,0.474618,0.474618,0.000
108,3.566666,-6.080003,-2.200000,0.750000,1.000000,0.000000,0.000000,0.000000,6.933335,2.200000,0.750000,0.000000,0.000000,0.000000,1.000000,-6.081459,0.000000,45.002474,0.508458,-0.508458,0.491397,0.491397,4.167
109,3.595833,-5.940003,-2.200000,0.750000,1.000000,0.000000,0.000000,0.000000,6.831252,2.200000,0.750000,0.000000,0.000000,0.000000,1.000000,-5.941482,0.000000,45.000159,0.493964,-0.493964,0.505964,0.505964,0.000
110,3.629166,-5.780003,-2.200000,0.750000,1.000000,0.000000,0.000000,0.000000,6.714585,2.200000,0.750000,0.000000,0.000000,0.000000,1.000000,-5.781508,0.000000,44.997501,0.476937,-0.476937,0.522045,0.522045,4.167
111,3.662499,-5.620003,-2.200000,0.750000,1.000000,0.000000,0.000000,0.000000,6.597919,2.200000,0.750000,0.000000,0.000000,0.000000,1.000000,-5.621532,0.000000,44.994904,0.459917,-0.459917,0.537100,0.537100,4.167
112,3.695833,-5.460003,-2.200000,0.750000,1.000000,0.000000,0.000000,0.000000,6.481252,2.200000,0.750000,0.000000,0.000000,0.000000,1.000000,-5.461554,0.000000,44.992437,0.443437,-0.443437,0.550784,0.550784,0.000
113,3.729166,-5.300003,-2.200000,0.750000,1.000000,0.000000,0.000000,0.000000,6.364586,2.200000,0.750000,0.000000,0.000000,0.000000,1.000000,-5.301573,0.000000,44.990179,0.428139,-0.428139,0.562758,0.562758,4.167
114,3.762499,-5.140003,-2.200000,0.750000,1.000000,0.000000,0.000000,0.000000,6.247919,2.200000,0.750000,0.000000,0.000000,0.000000,1.000000,-5.141588,0.000000,44.988183,0.414504,-0.414504,0.572876,0.572876,4.167
115,3.795833,-4.980003,-2.200000,0.750000,1.000000,0.000000,0.000000,0.000000,6.131252,2.200000,0.750000,0.000000,0.000000,0.000000,1.000000,-4.981598,0.000000,44.986503,0.403016,-0.403016,0.581015,0.581015,0.000
116,3.829166,-4.820003,-2.200000,0.750000,1.000000,0.000000,0.000000,0.000000,6.014586,2.200000,0.750000,0.000000,0.000000,0.000000,1.000000,-4.821605,0.000000,44.985202,0.394237,-0.394237,0.587007,0.587007,4.167
117,3.862499,-4.660003,-2.200000,0.750000,1.000000,0.000000,0.000000,0.000000,5.897919,2.200000,0.750000,0.000000,0.000000,0.000000,1.000000,-4.661608,0.000000,44.984301,0.388378,-0.388378,0.590900,0.590900,4.167
118,3.895833,-4.500003,-2.200000,0.750000,1.000000,0.000000,0.000000,0.000000,5.781252,2.200000,0.750000,0.000000,0.000000,0.000000,1.000000,-4.501609,0.000000,44.983823,0.385654,-0.385654,0.592681,0.592681,0.000
119,3.929166,-4.340003,-2.200000,0.750000,1.000000,0.000000,0.000000,0.000000,5.664586,2.200000,0.750000,0.000000,0.000000,0.000000,1.000000,-4.341609,0.000000,44.983802,0.386325,-0.386325,0.592244,0.592244,4.167
120,3.962499,-4.180003,-2.200000,0.750000,1.000000,0.000000,0.000000,0.000000,5.547919,2.200000,0.750000,0.000000,0.000000,0.000000,1.000000,-4.181610,0.000000,44.984218,0.390211,-0.390211,0.589691,0.589691,4.167
121,3.995833,-4.020003,-2.200000,0.750000,1.000000,0.000000,0.000000,0.000000,5.431252,2.200000,0.750000,0.000000,0.000000,0.000000,1.000000,-4.021612,0.000000,44.985060,0.397168,-0.397168,0.585028,0.585028,0.000
122,4.024999,-3.880003,-2.200000,0.750000,1.000000,0.000000,0.000000,0.000000,5.329169,2.200000,0.750000,0.000000,0.000000,0.000000,1.000000,-3.881617,0.000000,44.986146,0.405689,-0.405689,0.579151,0.579151,4.167
123,4.058333,-3.720003,-2.200000,0.750000,1.000000,0.000000,0.000000,0.000000,5.212502,2.200000,0.750000,0.000000,0.000000,0.000000,1.000000,-3.721626,0.000000,44.987727,0.417690,-0.417690,0.570557,0.570557,0.000
124,4.091666,-3.560003,-2.200000,0.750000,1.000000,0.000000,0.000000,0.000000,5.095836,2.200000,0.750000,0.000000,0.000000,0.000000,1.000000,-3.561640,0.000000,44.989653,0.431833,-0.431833,0.559929,0.559929,4.167
125,4.124999,-3.400003,-2.200000,0.750000,1.000000,0.000000,0.000000,0.000000,4.979169,2.200000,0.750000,0.000000,0.000000,0.000000,1.000000,-3.401657,0.000000,44.991854,0.447491,-0.447491,0.547496,0.547496,4.167
126,4.158333,-3.240003,-2.200000,0.750000,1.000000,0.000000,0.000000,0.000000,4.862502,2.200000,0.750000,0.000000,0.000000,0.000000,1.000000,-3.241679,0.000000,44.994271,0.464127,-0.464127,0.533466,0.533466,0.000
127,4.191666,-3.080003,-2.200000,0.750000,1.000000,0.000000,0.000000,0.000000,4.745836,2.200000,0.750000,0.000000,0.000000,0.000000,1.000000,-3.081703,0.000000,44.996843,0.481215,-0.481215,0.518105,0.518105,4.167
128,4.224999,-2.920003,-2.200000,0.750000,1.000000,0.000000,0.000000,0.000000,4.629169,2.200000,0.750000,0.000000,0.000000,0.000000,1.000000,-2.921728,0.000000,44.999492,0.498159,-0.498159,0.501834,0.501834,4.167
129,4.258333,-2.760003,-2.200000,0.750000,1.000000,0.000000,0.000000,0.000000,4.512502,2.200000,0.750000,0.000000,0.000000,0.000000,1.000000,-2.761754,0.000000,45.002147,0.514479,-0.514479,0.485089,0.485089,0.000
130,4.291666,-2.600003,-2.200000,0.750000,1.000000,0.000000,0.000000,0.000000,4.395836,2.200000,0.750000,0.000000,0.000000,0.000000,1.000000,-2.601778,0.000000,45.004730,0.529704,-0.529704,0.468416,0.468416,4.167
131,4.324999,-2.440003,-2.200000,0.750000,1.000000,0.000000,0.000000,0.000000,4.279169,2.200000,0.750000,0.000000,0.000000,0.000000,1.000000,-2.441800,0.000000,45.007172,0.543495,-0.543495,0.452342,0.452342,4.167
132,4.358333,-2.280003,-2.200000,0.750000,1.000000,0.000000,0.000000,0.000000,4.162503,2.200000,0.750000,0.000000,0.000000,0.000000,1.000000,-2.281819,0.000000,45.009408,0.555586,-0.555586,0.437407,0.437407,0.000
133,4.391666,-2.120004,-2.200000,0.750000,1.000000,0.000000,0.000000,0.000000,4.045836,2.200000,0.750000,0.000000,0.000000,0.000000,1.000000,-2.121833,0.000000,45.011363,0.565698,-0.565698,0.424248,0.424248,4.167
134,4.420833,-1.980004,-2.200000,0.750000,1.000000,0.000000,0.000000,0.000000,3.943753,2.200000,0.750000,0.000000,0.000000,0.000000,1.000000,-1.981842,0.000000,45.012815,0.572907,-0.572907,0.414461,0.414461,0.000
135,4.454166,-1.820004,-2.200000,0.750000,1.000000,0.000000,0.000000,0.000000,3.827086,2.200000,0.750000,0.000000,0.000000,0.000000,1.000000,-1.821848,0.000000,45.014116,0.579071,-0.579071,0.405804,0.405804,4.167
136,4.487499,-1.660004,-2.200000,0.750000,1.000000,0.000000,0.000000,0.000000,3.710419,2.200000,0.750000,0.000000,0.000000,0.000000,1.000000,-1.661851,0.000000,45.015017,0.583080,-0.583080,0.400022,0.400022,4.167
137,4.520833,-1.500004,-2.200000,0.750000,1.000000,0.000000,0.000000,0.000000,3.593753,2.200000,0.750000,0.000000,0.000000,0.000000,1.000000,-1.501852,0.000000,45.015495,0.584915,-0.584915,0.397335,0.397335,0.000
138,4.554166,-1.340004,-2.200000,0.750000,1.000000,0.000000,0.000000,0.000000,3.477086,2.200000,0.750000,0.000000,0.000000,0.000000,1.000000,-1.341852,0.000000,45.015516,0.584465,-0.584465,0.397997,0.397997,4.167
139,4.587499,-1.180004,-2.200000,0.750000,1.000000,0.000000,0.000000,0.000000,3.360419,2.200000,0.750000,0.000000,0.000000,0.000000,1.000000,-1.181853,0.000000,45.015100,0.581835,-0.581835,0.401831,0.401831,4.167
140,4.620833,-1.020004,-2.200000,0.750000,1.000000,0.000000,0.000000,0.000000,3.243753,2.200000,0.750000,0.000000,0.000000,0.000000,1.000000,-1.021856,0.000000,45.014257,0.577034,-0.577034,0.408695,0.408695,0.000
141,4.654166,-0.860004,-2.200000,0.750000,1.000000,0.000000,0.000000,0.000000,3.127086,2.200000,0.750000,0.000000,0.000000,0.000000,1.000000,-0.861861,0.000000,45.012994,0.569997,-0.569997,0.418453,0.418453,4.167
142,4.687499,-0.700004,-2.200000,0.750000,1.000000,0.000000,0.000000,0.000000,3.010419,2.200000,0.750000,0.000000,0.000000,0.000000,1.000000,-0.701871,0.000000,45.011363,0.560881,-0.560881,0.430596,0.430596,4.167
143,4.720833,-0.540004,-2.200000,0.750000,1.000000,0.000000,0.000000,0.000000,2.893753,2.200000,0.750000,0.000000,0.000000,0.000000,1.000000,-0.541885,0.000000,45.009408,0.549781,-0.549781,0.444681,0.444681,0.000
144,4.754166,-0.380004,-2.200000,0.750000,1.000000,0.000000,0.000000,0.000000,2.777086,2.200000,0.750000,0.000000,0.000000,0.000000,1.000000,-0.381903,0.000000,45.007172,0.536799,-0.536799,0.460268,0.460268,4.167
145,4.787499,-0.220004,-2.200000,0.750000,1.000000,0.000000,0.000000,0.000000,2.660419,2.200000,0.750000,0.000000,0.000000,0.000000,1.000000,-0.221925,0.000000,45.004730,0.522247,-0.522247,0.476716,0.476716,4.167
146,4.820833,-0.060004,-2.200000,0.750000,1.000000,0.000000,0.000000,0.000000,2.543753,2.200000,0.750000,0.000000,0.000000,0.000000,1.000000,-0.061949,0.000000,45.002147,0.506429,-0.506429,0.493488,0.493488,0.000
147,4.849999,0.079996,-2.200000,0.750000,1.000000,0.000000,0.000000,0.000000,2.441669,2.200000,0.750000,0.000000,0.000000,0.000000,1.000000,0.078028,0.000000,44.999825,0.491854,-0.491854,0.508015,0.508015,4.167
148,4.883333,0.239996,-2.200000,0.750000,1.000000,0.000000,0.000000,0.000000,2.325003,2.200000,0.750000,0.000000,0.000000,0.000000,1.000000,0.238003,0.000000,44.997171,0.474789,-0.474789,0.523999,0.523999,0.000
149,4.916666,0.399996,-2.200000,0.750000,1.000000,0.000000,0.000000,0.000000,2.208336,2.200000,0.750000,0.000000,0.000000,0.000000,1.000000,0.397978,0.000000,44.994588,0.457817,-0.457817,0.538891,0.538891,4.167
150,4.949999,0.559996,-2.200000,0.750000,1.000000,0.000000,0.000000,0.000000,2.091670,2.200000,0.750000,0.000000,0.000000,0.000000,1.000000,0.557956,0.000000,44.992146,0.441473,-0.441473,0.552360,0.552360,4.167
151,4.983333,0.719996,-2.200000,0.750000,1.000000,0.000000,0.000000,0.000000,1.975003,2.200000,0.750000,0.000000,0.000000,0.000000,1.000000,0.717938,0.000000,44.989910,0.426300,-0.426300,0.564153,0.564153,0.000
152,5.016666,0.879996,-2.200000,0.750000,1.000000,0.000000,0.000000,0.000000,1.858336,2.200000,0.750000,0.000000,0.000000,0.000000,1.000000,0.877924,0.000000,44.987955,0.412943,-0.412943,0.574002,0.574002,4.167
153,5.049999,1.039996,-2.200000,0.750000,1.000000,0.000000,0.000000,0.000000,1.741670,2.200000,0.750000,0.000000,0.000000,0.000000,1.000000,1.037914,0.000000,44.986324,0.401805,-0.401805,0.581853,0.581853,4.167
154,5.083333,1.199996,-2.200000,0.750000,1.000000,0.000000,0.000000,0.000000,1.625003,2.200000,0.750000,0.000000,0.000000,0.000000,1.000000,1.197910,0.000000,44.985338,0.393427,-0.393427,0.587550,0.587550,0.000
155,5.116666,1.359996,-2.200000,0.750000,1.000000,0.000000,0.000000,0.000000,1.508336,2.200000,0.750000,0.000000,0.000000,0.000000,1.000000,1.357907,0.000000,44.984496,0.388004,-0.388004,0.591145,0.591145,4.167
156,5.149999,1.519996,-2.200000,0.750000,1.000000,0.000000,0.000000,0.000000,1.391670,2.200000,0.750000,0.000000,0.000000,0.000000,1.000000,1.517906,0.000000,44.984079,0.385741,-0.385741,0.592625,0.592625,4.167
157,5.183333,1.679996,-2.200000,0.750000,1.000000,0.000000,0.000000,0.000000,1.275003,2.200000,0.750000,0.000000,0.000000,0.000000,1.000000,1.677906,0.000000,44.984100,0.386721,-0.386721,0.591986,0.591986,0.000
158,5.216666,1.839996,-2.200000,0.750000,1.000000,0.000000,0.000000,0.000000,1.158336,2.200000,0.750000,0.000000,0.000000,0.000000,1.000000,1.837905,0.000000,44.984579,0.391058,-0.391058,0.589130,0.589130,4.167
159,5.245832,1.979996,-2.200000,0.750000,1.000000,0.000000,0.000000,0.000000,1.056253,2.200000,0.750000,0.000000,0.000000,0.000000,1.000000,1.977903,0.000000,44.985338,0.397305,-0.397305,0.584935,0.584935,0.000
160,5.279166,2.139996,-2.200000,0.750000,1.000000,0.000000,0.000000,0.000000,0.939586,2.200000,0.750000,0.000000,0.000000,0.000000,1.000000,2.137897,0.000000,44.986602,0.407199,-0.407199,0.578091,0.578091,4.167
161,5.312499,2.299996,-2.200000,0.750000,1.000000,0.000000,0.000000,0.000000,0.822920,2.200000,0.750000,0.000000,0.000000,0.000000,1.000000,2.297887,0.000000,44.988233,0.419518,-0.419518,0.569214,0.569214,4.167
162,5.345832,2.459996,-2.200000,0.750000,1.000000,0.000000,0.000000,0.000000,0.706253,2.200000,0.750000,0.000000,0.000000,0.000000,1.000000,2.457873,0.000000,44.990187,0.433818,-0.433818,0.558392,0.558392,0.000
163,5.379166,2.619996,-2.200000,0.750000,1.000000,0.000000,0.000000,0.000000,0.589586,2.200000,0.750000,0.000000,0.000000,0.000000,1.000000,2.617855,0.000000,44.992423,0.449657,-0.449657,0.545718,0.545718,4.167
164,5.412499,2.779996,-2.200000,0.750000,1.000000,0.000000,0.000000,0.000000,0.472920,2.200000,0.750000,0.000000,0.000000,0.000000,1.000000,2.777834,0.000000,44.994865,0.466387,-0.466387,0.531491,0.531491,4.167
165,5.445832,2.939996,-2.200000,0.750000,1.000000,0.000000,0.000000,0.000000,0.356253,2.200000,0.750000,0.000000,0.000000,0.000000,1.000000,2.937809,0.000000,44.997448,0.483465,-0.483465,0.516005,0.516005,0.000
166,5.479166,3.099996,-2.200000,0.750000,1.000000,0.000000,0.000000,0.000000,0.239586,2.200000,0.750000,0.000000,0.000000,0.000000,1.000000,3.097784,0.000000,45.000103,0.500360,-0.500360,0.499640,0.499640,4.167
167,5.512499,3.259996,-2.200000,0.750000,1.000000,0.000000,0.000000,0.000000,0.122920,2.200000,0.750000,0.000000,0.000000,0.000000,1.000000,3.257758,0.000000,45.002752,0.516554,-0.516554,0.482879,0.482879,4.167
168,5.545832,3.419996,-2.200000,0.750000,1.000000,0.000000,0.000000,0.000000,0.006253,2.200000,0.750000,0.000000,0.000000,0.000000,1.000000,3.417734,0.000000,45.005325,0.531637,-0.531637,0.466221,0.466221,0.000
169,5.579166,3.579996,-2.200000,0.750000,1.000000,0.000000,0.000000,0.000000,-0.110413,2.200000,0.750000,0.000000,0.000000,0.000000,1.000000,3.577712,0.000000,45.007742,0.545208,-0.545208,0.450276,0.450276,4.167
170,5.612499,3.739996,-2.200000,0.750000,1.000000,0.000000,0.000000,0.000000,-0.227080,2.200000,0.750000,0.000000,0.000000,0.000000,1.000000,3.737694,0.000000,45.009943,0.557038,-0.557038,0.435555,0.435555,4.167
171,5.645832,3.899996,-2.200000,0.750000,1.000000,0.000000,0.000000,0.000000,-0.343747,2.200000,0.750000,0.000000,0.000000,0.000000,1.000000,3.897681,0.000000,45.011868,0.566949,-0.566949,0.422575,0.422575,0.000
172,5.674999,4.039996,-2.200000,0.750000,1.000000,0.000000,0.000000,0.000000,-0.445830,2.200000,0.750000,0.000000,0.000000,0.000000,1.000000,4.037672,0.000000,45.013271,0.573865,-0.573865,0.413134,0.413134,4.167
173,5.708332,4.199995,-2.200000,0.750000,1.000000,0.000000,0.000000,0.000000,-0.562497,2.200000,0.750000,0.000000,0.000000,0.000000,1.000000,4.197666,0.000000,45.014535,0.579820,-0.579820,0.404733,0.404733,0.000
174,5.741666,4.359995,-2.200000,0.750000,1.000000,0.000000,0.000000,0.000000,-0.679163,2.200000,0.750000,0.000000,0.000000,0.000000,1.000000,4.357664,0.000000,45.015378,0.583519,-0.583519,0.399381,0.399381,4.167
175,5.774999,4.519995,-2.200000,0.750000,1.000000,0.000000,0.000000,0.000000,-0.795830,2.200000,0.750000,0.000000,0.000000,0.000000,1.000000,4.517663,0.000000,45.015794,0.585042,-0.585042,0.397147,0.397147,4.167
176,5.808332,4.679995,-2.200000,0.750000,1.000000,0.000000,0.000000,0.000000,-0.912497,2.200000,0.750000,0.000000,0.000000,0.000000,1.000000,4.677663,0.000000,45.015773,0.584384,-0.584384,0.398115,0.398115,0.000
177,5.841666,4.839995,-2.200000,0.750000,1.000000,0.000000,0.000000,0.000000,-1.029163,2.200000,0.750000,0.000000,0.000000,0.000000,1.000000,4.837662,0.000000,45.015295,0.581444,-0.581444,0.402396,0.402396,4.167
178,5.874999,4.999995,-2.200000,0.750000,1.000000,0.000000,0.000000,0.000000,-1.145830,2.200000,0.750000,0.000000,0.000000,0.000000,1.000000,4.997659,0.000000,45.014393,0.576340,-0.576340,0.409673,0.409673,4.167
179,5.908332,5.159995,-2.200000,0.750000,1.000000,0.000000,0.000000,0.000000,-1.262497,2.200000,0.750000,0.000000,0.000000,0.000000,1.000000,5.157653,0.000000,45.013093,0.569099,-0.569099,0.419674,0.419674,0.000
180,5.941666,5.319995,-2.200000,0.750000,1.000000,0.000000,0.000000,0.000000,-1.379163,2.200000,0.750000,0.000000,0.000000,0.000000,1.000000,5.317643,0.000000,45.011413,0.559698,-0.559698,0.432132,0.432132,4.167
181,5.974999,5.479995,-2.200000,0.750000,1.000000,0.000000,0.000000,0.000000,-1.495830,2.200000,0.750000,0.000000,0.000000,0.000000,1.000000,5.477628,0.000000,45.009417,0.548339,-0.548339,0.446457,0.446457,4.167
182,6.008332,5.639995,-2.200000,0.750000,1.000000,0.000000,0.000000,0.000000,-1.612497,2.200000,0.750000,0.000000,0.000000,0.000000,1.000000,5.637610,0.000000,45.007158,0.535186,-0.535186,0.462143,0.462143,0.000
183,6.041666,5.799995,-2.200000,0.750000,1.000000,0.000000,0.000000,0.000000,-1.729163,2.200000,0.750000,0.000000,0.000000,0.000000,1.000000,5.797587,0.000000,45.004691,0.520442,-0.520442,0.478686,0.478686,4.167
184,6.070832,5.939995,-2.200000,0.750000,1.000000,0.000000,0.000000,0.000000,-1.831247,2.200000,0.750000,0.000000,0.000000,0.000000,1.000000,5.937566,0.000000,45.002425,0.506544,-0.506544,0.493369,0.493369,0.000
185,6.104166,6.099995,-2.200000,0.750000,1.000000,0.000000,0.000000,0.000000,-1.947913,2.200000,0.750000,0.000000,0.000000,0.000000,1.000000,6.097540,0.000000,44.999770,0.489855,-0.489855,0.509943,0.509943,4.167
186,6.137499,6.259995,-2.200000,0.750000,1.000000,0.000000,0.000000,0.000000,-2.064580,2.200000,0.750000,0.000000,0.000000,0.000000,1.000000,6.257515,0.000000,44.997121,0.472783,-0.472783,0.525810,0.525810,4.167
187,6.170832,6.419995,-2.200000,0.750000,1.000000,0.000000,0.000000,0.000000,-2.181246,2.200000,0.750000,0.000000,0.000000,0.000000,1.000000,6.417490,0.000000,44.994549,0.455836,-0.455836,0.540568,0.540568,0.000
188,6.204166,6.579995,-2.200000,0.750000,1.000000,0.000000,0.000000,0.000000,-2.297913,2.200000,0.750000,0.000000,0.000000,0.000000,1.000000,6.577469,0.000000,44.992132,0.439631,-0.439631,0.553827,0.553827,4.167
189,6.237499,6.739995,-2.200000,0.750000,1.000000,0.000000,0.000000,0.000000,-2.414580,2.200000,0.750000,0.000000,0.000000,0.000000,1.000000,6.737451,0.000000,44.989931,0.424684,-0.424684,0.565370,0.565370,4.167
190,6.270832,6.899995,-2.200000,0.750000,1.000000,0.000000,0.000000,0.000000,-2.531246,2.200000,0.750000,0.000000,0.000000,0.000000,1.000000,6.897437,0.000000,44.988005,0.411514,-0.411514,0.575027,0.575027,0.000
191,6.304166,7.059995,-2.200000,0.750000,1.000000,0.000000,0.000000,0.000000,-2.647913,2.200000,0.750000,0.000000,0.000000,0.000000,1.000000,7.057428,0.000000,44.986424,0.400728,-0.400728,0.582595,0.582595,4.167
192,6.337499,7.219995,-2.200000,0.750000,1.000000,0.000000,0.000000,0.000000,-2.764580,2.200000,0.750000,0.000000,0.000000,0.000000,1.000000,7.217423,0.000000,44.985216,0.392622,-0.392622,0.588089,0.588089,4.167
193,6.370832,7.379995,-2.200000,0.750000,1.000000,0.000000,0.000000,0.000000,-2.881246,2.200000,0.750000,0.000000,0.000000,0.000000,1.000000,7.377420,0.000000,44.984413,0.387492,-0.387492,0.591481,0.591481,0.000
194,6.404166,7.539995,-2.200000,0.750000,1.000000,0.000000,0.000000,0.000000,-2.997913,2.200000,0.750000,0.000000,0.000000,0.000000,1.000000,7.537420,0.000000,44.984059,0.385689,-0.385689,0.592658,0.592658,4.167
195,6.437499,7.699995,-2.200000,0.750000,1.000000,0.000000,0.000000,0.000000,-3.114580,2.200000,0.750000,0.000000,0.000000,0.000000,1.000000,7.697419,0.000000,44.984142,0.387132,-0.387132,0.591717,0.591717,4.167
196,6.470832,7.859995,-2.200000,0.750000,1.000000,0.000000,0.000000,0.000000,-3.231246,2.200000,0.750000,0.000000,0.000000,0.000000,1.000000,7.857418,0.000000,44.984661,0.391767,-0.391767,0.588658,0.588658,0.000
197,6.499999,7.999995,-2.200000,0.750000,1.000000,0.000000,0.000000,0.000000,-3.333330,2.200000,0.750000,0.000000,0.000000,0.000000,1.000000,7.997416,0.000000,44.985480,0.398433,-0.398433,0.584167,0.584167,4.167
198,6.533332,8.159995,-2.200000,0.750000,1.000000,0.000000,0.000000,0.000000,-3.449996,2.200000,0.750000,0.000000,0.000000,0.000000,1.000000,8.157409,0.000000,44.986780,0.408572,-0.408572,0.577121,0.577121,0.000
199,6.566666,8.319995,-2.200000,0.750000,1.000000,0.000000,0.000000,0.000000,-3.566663,2.200000,0.750000,0.000000,0.000000,0.000000,1.000000,8.317399,0.000000,44.988461,0.421210,-0.421210,0.567963,0.567963,4.167
200,6.599999,8.479995,-2.200000,0.750000,1.000000,0.000000,0.000000,0.000000,-3.683330,2.200000,0.750000,0.000000,0.000000,0.000000,1.000000,8.477385,0.000000,44.990457,0.435753,-0.435753,0.556884,0.556884,4.167
201,6.633332,8.639995,-2.200000,0.750000,1.000000,0.000000,0.000000,0.000000,-3.799996,2.200000,0.750000,0.000000,0.000000,0.000000,1.000000,8.637366,0.000000,44.992715,0.451690,-0.451690,0.544037,0.544037,0.000
202,6.666666,8.799995,-2.200000,0.750000,1.000000,0.000000,0.000000,0.000000,-3.916663,2.200000,0.750000,0.000000,0.000000,0.000000,1.000000,8.797344,0.000000,44.995182,0.468515,-0.468515,0.529616,0.529616,4.167
203,6.699999,8.959995,-2.200000,0.750000,1.000000,0.000000,0.000000,0.000000,-4.033329,2.200000,0.750000,0.000000,0.000000,0.000000,1.000000,8.957319,0.000000,44.997779,0.485603,-0.485603,0.513994,0.513994,4.167
204,6.733332,9.119995,-2.200000,0.750000,1.000000,0.000000,0.000000,0.000000,-4.149996,2.200000,0.750000,0.000000,0.000000,0.000000,1.000000,9.117294,0.000000,45.000436,0.502434,-0.502434,0.497554,0.497554,0.000
205,6.766666,9.279995,-2.200000,0.750000,1.000000,0.000000,0.000000,0.000000,-4.266663,2.200000,0.750000,0.000000,0.000000,0.000000,1.000000,9.277268,0.000000,45.003079,0.518507,-0.518507,0.480781,0.480781,4.167
206,6.799999,9.439995,-2.200000,0.750000,1.000000,0.000000,0.000000,0.000000,-4.383329,2.200000,0.750000,0.000000,0.000000,0.000000,1.000000,9.437244,0.000000,45.005634,0.533407,-0.533407,0.464195,0.464195,4.167
207,6.833332,9.599995,-2.200000,0.750000,1.000000,0.000000,0.000000,0.000000,-4.499996,2.200000,0.750000,0.000000,0.000000,0.000000,1.000000,9.597223,0.000000,45.008034,0.546808,-0.546808,0.448331,0.448331,0.000
208,6.866666,9.759995,-2.200000,0.750000,1.000000,0.000000,0.000000,0.000000,-4.616663,2.200000,0.750000,0.000000,0.000000,0.000000,1.000000,9.757206,0.000000,45.010199,0.558384,-0.558384,0.433829,0.433829,4.167
209,6.895832,9.899995,-2.200000,0.750000,1.000000,0.000000,0.000000,0.000000,-4.718746,2.200000,0.750000,0.000000,0.000000,0.000000,1.000000,9.897194,0.000000,45.011868,0.566949,-0.566949,0.422575,0.422575,0.000
210,6.929166,10.059995,-2.200000,0.750000,1.000000,0.000000,0.000000,0.000000,-4.835413,2.200000,0.750000,0.000000,0.000000,0.000000,1.000000,10.057185,0.000000,45.013450,0.574724,-0.574724,0.411938,0.411938,4.167
211,6.962499,10.219995,-2.200000,0.750000,1.000000,0.000000,0.000000,0.000000,-4.952079,2.200000,0.750000,0.000000,0.000000,0.000000,1.000000,10.217179,0.000000,45.014658,0.580374,-0.580374,0.403939,0.403939,4.167
212,6.995832,10.379994,-2.200000,0.750000,1.000000,0.000000,0.000000,0.000000,-5.068746,2.200000,0.750000,0.000000,0.000000,0.000000,1.000000,10.377177,0.000000,45.015460,0.583865,-0.583865,0.398876,0.398876,0.000
213,7.029166,10.539994,-2.200000,0.750000,1.000000,0.000000,0.000000,0.000000,-5.185413,2.200000,0.750000,0.000000,0.000000,0.000000,1.000000,10.537176,0.000000,45.015815,0.585077,-0.585077,0.397096,0.397096,4.167
214,7.062499,10.699994,-2.200000,0.750000,1.000000,0.000000,0.000000,0.000000,-5.302079,2.200000,0.750000,0.000000,0.000000,0.000000,1.000000,10.697176,0.000000,45.015731,0.584107,-0.584107,0.398520,0.398520,4.167
215,7.095832,10.859994,-2.200000,0.750000,1.000000,0.000000,0.000000,0.000000,-5.418746,2.200000,0.750000,0.000000,0.000000,0.000000,1.000000,10.857175,0.000000,45.015212,0.580960,-0.580960,0.403095,0.403095,0.000
216,7.129166,11.019994,-2.200000,0.750000,1.000000,0.000000,0.000000,0.000000,-5.535413,2.200000,0.750000,0.000000,0.000000,0.000000,1.000000,11.017172,0.000000,45.014252,0.575549,-0.575549,0.410784,0.410784,4.167
217,7.162499,11.179994,-2.200000,0.750000,1.000000,0.000000,0.000000,0.000000,-5.652079,2.200000,0.750000,0.000000,0.000000,0.000000,1.000000,11.177165,0.000000,45.012897,0.568011,-0.568011,0.421145,0.421145,4.167
218,7.195832,11.339994,-2.200000,0.750000,1.000000,0.000000,0.000000,0.000000,-5.768746,2.200000,0.750000,0.000000,0.000000,0.000000,1.000000,11.337154,0.000000,45.011185,0.558409,-0.558409,0.433796,0.433796,0.000
219,7.229166,11.499994,-2.200000,0.750000,1.000000,0.000000,0.000000,0.000000,-5.885413,2.200000,0.750000,0.000000,0.000000,0.000000,1.000000,11.497139,0.000000,45.009147,0.546787,-0.546787,0.448357,0.448357,4.167
220,7.262499,11.659994,-2.200000,0.750000,1.000000,0.000000,0.000000,0.000000,-6.002079,2.200000,0.750000,0.000000,0.000000,0.000000,1.000000,11.657120,0.000000,45.006857,0.533408,-0.533408,0.464194,0.464194,4.167
221,7.295832,11.819994,-2.200000,0.750000,1.000000,0.000000,0.000000,0.000000,-6.118746,2.200000,0.750000,0.000000,0.000000,0.000000,1.000000,11.817098,0.000000,45.004375,0.518518,-0.518518,0.480770,0.480770,0.000
222,7.324999,11.959994,-2.200000,0.750000,1.000000,0.000000,0.000000,0.000000,-6.220829,2.200000,0.750000,0.000000,0.000000,0.000000,1.000000,11.957076,0.000000,45.002095,0.504492,-0.504492,0.495467,0.495467,4.167
223,7.358332,12.119994,-2.200000,0.750000,1.000000,0.000000,0.000000,0.000000,-6.337496,2.200000,0.750000,0.000000,0.000000,0.000000,1.000000,12.117050,0.000000,44.999437,0.487729,-0.487729,0.511977,0.511977,0.000
224,7.391665,12.279994,-2.200000,0.750000,1.000000,0.000000,0.000000,0.000000,-6.454162,2.200000,0.750000,0.000000,0.000000,0.000000,1.000000,12.277025,0.000000,44.996794,0.470647,-0.470647,0.527723,0.527723,4.167
225,7.424999,12.439994,-2.200000,0.750000,1.000000,0.000000,0.000000,0.000000,-6.570829,2.200000,0.750000,0.000000,0.000000,0.000000,1.000000,12.437001,0.000000,44.994239,0.453776,-0.453776,0.542298,0.542298,4.167
226,7.458332,12.599994,-2.200000,0.750000,1.000000,0.000000,0.000000,0.000000,-6.687496,2.200000,0.750000,0.000000,0.000000,0.000000,1.000000,12.596980,0.000000,44.991840,0.437656,-0.437656,0.555390,0.555390,0.000
227,7.491665,12.759994,-2.200000,0.750000,1.000000,0.000000,0.000000,0.000000,-6.804162,2.200000,0.750000,0.000000,0.000000,0.000000,1.000000,12.756963,0.000000,44.989674,0.422932,-0.422932,0.566682,0.566682,4.167
228,7.524999,12.919994,-2.200000,0.750000,1.000000,0.000000,0.000000,0.000000,-6.920829,2.200000,0.750000,0.000000,0.000000,0.000000,1.000000,12.916949,0.000000,44.987793,0.410065,-0.410065,0.576062,0.576062,4.167
229,7.558332,13.079994,-2.200000,0.750000,1.000000,0.000000,0.000000,0.000000,-7.037496,2.200000,0.750000,0.000000,0.000000,0.000000,1.000000,13.076941,0.000000,44.986245,0.399514,-0.399514,0.583428,0.583428,0.000
230,7.591665,13.239994,-2.200000,0.750000,1.000000,0.000000,0.000000,0.000000,-7.154162,2.200000,0.750000,0.000000,0.000000,0.000000,1.000000,13.236936,0.000000,44.985093,0.391816,-0.391816,0.588626,0.588626,4.167
231,7.624999,13.399994,-2.200000,0.750000,1.000000,0.000000,0.000000,0.000000,-7.270829,2.200000,0.750000,0.000000,0.000000,0.000000,1.000000,13.396933,0.000000,44.984351,0.387132,-0.387132,0.591717,0.591717,4.167
232,7.658332,13.559994,-2.200000,0.750000,1.000000,0.000000,0.000000,0.000000,-7.387496,2.200000,0.750000,0.000000,0.000000,0.000000,1.000000,13.556933,0.000000,44.984038,0.385637,-0.385637,0.592692,0.592692,0.000
233,7.691665,13.719994,-2.200000,0.750000,1.000000,0.000000,0.000000,0.000000,-7.504162,2.200000,0.750000,0.000000,0.000000,0.000000,1.000000,13.716933,0.000000,44.984184,0.387543,-0.387543,0.591448,0.591448,4.167
234,7.720832,13.859994,-2.200000,0.750000,1.000000,0.000000,0.000000,0.000000,-7.606246,2.200000,0.750000,0.000000,0.000000,0.000000,1.000000,13.856932,0.000000,44.984661,0.391767,-0.391767,0.588658,0.588658,0.000
235,7.754165,14.019994,-2.200000,0.750000,1.000000,0.000000,0.000000,0.000000,-7.722912,2.200000,0.750000,0.000000,0.000000,0.000000,1.000000,14.016928,0.000000,44.985622,0.399559,-0.399559,0.583397,0.583397,4.167
236,7.787499,14.179994,-2.200000,0.750000,1.000000,0.000000,0.000000,0.000000,-7.839579,2.200000,0.750000,0.000000,0.000000,0.000000,1.000000,14.176922,0.000000,44.986976,0.410064,-0.410064,0.576062,0.576062,4.167
237,7.820832,14.339994,-2.200000,0.750000,1.000000,0.000000,0.000000,0.000000,-7.956246,2.200000,0.750000,0.000000,0.000000,0.000000,1.000000,14.336911,0.000000,44.988689,0.422898,-0.422898,0.566707,0.566707,0.000
238,7.854165,14.499994,-2.200000,0.750000,1.000000,0.000000,0.000000,0.000000,-8.072912,2.200000,0.750000,0.000000,0.000000,0.000000,1.000000,14.496896,0.000000,44.990726,0.437682,-0.437682,0.555369,0.555369,4.167
239,7.887499,14.659994,-2.200000,0.750000,1.000000,0.000000,0.000000,0.000000,-8.189579,2.200000,0.750000,0.000000,0.000000,0.000000,1.000000,14.656877,0.000000,44.993017,0.453775,-0.453775,0.542299,0.542299,4.167
240,7.920832,14.819994,-2.200000,0.750000,1.000000,0.000000,0.000000,0.000000,-8.306245,2.200000,0.750000,0.000000,0.000000,0.000000,1.000000,14.816854,0.000000,44.995499,0.470636,-0.470636,0.527733,0.527733,0.000
241,7.954165,14.979994,-2.200000,0.750000,1.000000,0.000000,0.000000,0.000000,-8.422912,2.200000,0.750000,0.000000,0.000000,0.000000,1.000000,14.976830,0.000000,44.998109,0.487732,-0.487732,0.511974,0.511974,4.167
242,7.987499,15.139994,-2.200000,0.750000,1.000000,0.000000,0.000000,0.000000,-8.539579,2.200000,0.750000,0.000000,0.000000,0.000000,1.000000,15.136804,0.000000,45.000769,0.504491,-0.504491,0.495469,0.495469,4.167
243,8.020832,15.299994,-2.200000,0.750000,1.000000,0.000000,0.000000,0.000000,-8.656245,2.200000,0.750000,0.000000,0.000000,0.000000,1.000000,15.296778,0.000000,45.003407,0.520453,-0.520453,0.478674,0.478674,0.000
244,8.054165,15.459994,-2.200000,0.750000,1.000000,0.000000,0.000000,0.000000,-8.772912,2.200000,0.750000,0.000000,0.000000,0.000000,1.000000,15.456755,0.000000,45.005944,0.535169,-0.535169,0.462162,0.462162,4.167
245,8.087499,15.619994,-2.200000,0.750000,1.000000,0.000000,0.000000,0.000000,-8.889579,2.200000,0.750000,0.000000,0.000000,0.000000,1.000000,15.616734,0.000000,45.008315,0.548338,-0.548338,0.446458,0.446458,4.167
246,8.120832,15.779994,-2.200000,0.750000,1.000000,0.000000,0.000000,0.000000,-9.006245,2.200000,0.750000,0.000000,0.000000,0.000000,1.000000,15.776717,0.000000,45.010456,0.559724,-0.559724,0.432099,0.432099,0.000
247,8.149999,15.919994,-2.200000,0.750000,1.000000,0.000000,0.000000,0.000000,-9.108329,2.200000,0.750000,0.000000,0.000000,0.000000,1.000000,15.916706,0.000000,45.012081,0.568011,-0.568011,0.421146,0.421146,4.167
248,8.183332,16.079994,-2.200000,0.750000,1.000000,0.000000,0.000000,0.000000,-9.224995,2.200000,0.750000,0.000000,0.000000,0.000000,1.000000,16.076697,0.000000,45.013628,0.575580,-0.575580,0.410740,0.410740,0.000
249,8.216665,16.239994,-2.200000,0.750000,1.000000,0.000000,0.000000,0.000000,-9.341662,2.200000,0.750000,0.000000,0.000000,0.000000,1.000000,16.236692,0.000000,45.014781,0.580926,-0.580926,0.403144,0.403144,4.167
250,8.249999,16.399994,-2.200000,0.750000,1.000000,0.000000,0.000000,0.000000,-9.458329,2.200000,0.750000,0.000000,0.000000,0.000000,1.000000,16.396690,0.000000,45.015523,0.584107,-0.584107,0.398521,0.398521,4.167
251,8.283332,16.559994,-2.200000,0.750000,1.000000,0.000000,0.000000,0.000000,-9.574995,2.200000,0.750000,0.000000,0.000000,0.000000,1.000000,16.556690,0.000000,45.015836,0.585111,-0.585111,0.397045,0.397045,0.000
252,8.316665,16.719993,-2.200000,0.750000,1.000000,0.000000,0.000000,0.000000,-9.691662,2.200000,0.750000,0.000000,0.000000,0.000000,1.000000,16.716689,0.000000,45.015690,0.583831,-0.583831,0.398926,0.398926,4.167
253,8.349999,16.879993,-2.200000,0.750000,1.000000,0.000000,0.000000,0.000000,-9.808329,2.200000,0.750000,0.000000,0.000000,0.000000,1.000000,16.876688,0.000000,45.015109,0.580374,-0.580374,0.403938,0.403938,4.167
254,8.383332,17.039993,-2.200000,0.750000,1.000000,0.000000,0.000000,0.000000,-9.924995,2.200000,0.750000,0.000000,0.000000,0.000000,1.000000,17.036684,0.000000,45.014110,0.574755,-0.574755,0.411894,0.411894,0.000
255,8.416665,17.199993,-2.200000,0.750000,1.000000,0.000000,0.000000,0.000000,-10.041662,2.200000,0.750000,0.000000,0.000000,0.000000,1.000000,17.196677,0.000000,45.012701,0.566920,-0.566920,0.422613,0.422613,4.167
256,8.449999,17.359993,-2.200000,0.750000,1.000000,0.000000,0.000000,0.000000,-10.158329,2.200000,0.750000,0.000000,0.000000,0.000000,1.000000,17.356666,0.000000,45.010942,0.557039,-0.557039,0.435554,0.435554,4.167
257,8.483332,17.519993,-2.200000,0.750000,1.000000,0.000000,0.000000,0.000000,-10.274995,2.200000,0.750000,0.000000,0.000000,0.000000,1.000000,17.516651,0.000000,45.008878,0.545229,-0.545229,0.450251,0.450251,0.000
258,8.516665,17.679993,-2.200000,0.750000,1.000000,0.000000,0.000000,0.000000,-10.391662,2.200000,0.750000,0.000000,0.000000,0.000000,1.000000,17.676631,0.000000,45.006555,0.531622,-0.531622,0.466238,0.466238,4.167
259,8.545832,17.819993,-2.200000,0.750000,1.000000,0.000000,0.000000,0.000000,-10.493745,2.200000,0.750000,0.000000,0.000000,0.000000,1.000000,17.816611,0.000000,45.004375,0.518518,-0.518518,0.480770,0.480770,0.000
260,8.579165,17.979993,-2.200000,0.750000,1.000000,0.000000,0.000000,0.000000,-10.610412,2.200000,0.750000,0.000000,0.000000,0.000000,1.000000,17.976586,0.000000,45.001764,0.502431,-0.502431,0.497557,0.497557,4.167
261,8.612499,18.139993,-2.200000,0.750000,1.000000,0.000000,0.000000,0.000000,-10.727078,2.200000,0.750000,0.000000,0.000000,0.000000,1.000000,18.136561,0.000000,44.999105,0.485604,-0.485604,0.513993,0.513993,4.167
262,8.645832,18.299993,-2.200000,0.750000,1.000000,0.000000,0.000000,0.000000,-10.843745,2.200000,0.750000,0.000000,0.000000,0.000000,1.000000,18.296535,0.000000,44.996467,0.468504,-0.468504,0.529626,0.529626,0.000
263,8.679165,18.459993,-2.200000,0.750000,1.000000,0.000000,0.000000,0.000000,-10.960412,2.200000,0.750000,0.000000,0.000000,0.000000,1.000000,18.456512,0.000000,44.993929,0.451710,-0.451710,0.544021,0.544021,4.167
264,8.712499,18.619993,-2.200000,0.750000,1.000000,0.000000,0.000000,0.000000,-11.077078,2.200000,0.750000,0.000000,0.000000,0.000000,1.000000,18.616491,0.000000,44.991558,0.435754,-0.435754,0.556883,0.556883,4.167
265,8.745832,18.779993,-2.200000,0.750000,1.000000,0.000000,0.000000,0.000000,-11.193745,2.200000,0.750000,0.000000,0.000000,0.000000,1.000000,18.776474,0.000000,44.989418,0.421176,-0.421176,0.567988,0.567988,0.000
266,8.779165,18.939993,-2.200000,0.750000,1.000000,0.000000,0.000000,0.000000,-11.310412,2.200000,0.750000,0.000000,0.000000,0.000000,1.000000,18.936462,0.000000,44.987580,0.408613,-0.408613,0.577092,0.577092,4.167
267,8.812499,19.099993,-2.200000,0.750000,1.000000,0.000000,0.000000,0.000000,-11.427078,2.200000,0.750000,0.000000,0.000000,0.000000,1.000000,19.096453,0.000000,44.986085,0.398433,-0.398433,0.584167,0.584167,4.167
268,8.845832,19.259993,-2.200000,0.750000,1.000000,0.000000,0.000000,0.000000,-11.543745,2.200000,0.750000,0.000000,0.000000,0.000000,1.000000,19.256448,0.000000,44.984970,0.391009,-0.391009,0.589162,0.589162,0.000
269,8.879165,19.419993,-2.200000,0.750000,1.000000,0.000000,0.000000,0.000000,-11.660412,2.200000,0.750000,0.000000,0.000000,0.000000,1.000000,19.416447,0.000000,44.984288,0.386772,-0.386772,0.591952,0.591952,4.167
270,8.912499,19.579993,-2.200000,0.750000,1.000000,0.000000,0.000000,0.000000,-11.777078,2.200000,0.750000,0.000000,0.000000,0.000000,1.000000,19.576446,0.000000,44.984038,0.385741,-0.385741,0.592625,0.592625,4.167
271,8.945832,19.739993,-2.200000,0.750000,1.000000,0.000000,0.000000,0.000000,-11.893745,2.200000,0.750000,0.000000,0.000000,0.000000,1.000000,19.736446,0.000000,44.984226,0.387953,-0.387953,0.591179,0.591179,0.000
272,8.974999,19.879993,-2.200000,0.750000,1.000000,0.000000,0.000000,0.000000,-11.995828,2.200000,0.750000,0.000000,0.000000,0.000000,1.000000,19.876445,0.000000,44.984764,0.392621,-0.392621,0.588089,0.588089,4.167
273,9.008332,20.039993,-2.200000,0.750000,1.000000,0.000000,0.000000,0.000000,-12.112495,2.200000,0.750000,0.000000,0.000000,0.000000,1.000000,20.036441,0.000000,44.985764,0.400684,-0.400684,0.582625,0.582625,0.000
274,9.041665,20.199993,-2.200000,0.750000,1.000000,0.000000,0.000000,0.000000,-12.229162,2.200000,0.750000,0.000000,0.000000,0.000000,1.000000,20.196434,0.000000,44.987172,0.411553,-0.411553,0.575000,0.575000,4.167
275,9.074999,20.359993,-2.200000,0.750000,1.000000,0.000000,0.000000,0.000000,-12.345828,2.200000,0.750000,0.000000,0.000000,0.000000,1.000000,20.356423,0.000000,44.988932,0.424683,-0.424683,0.565371,0.565371,4.167
276,9.108332,20.519993,-2.200000,0.750000,1.000000,0.000000,0.000000,0.000000,-12.462495,2.200000,0.750000,0.000000,0.000000,0.000000,1.000000,20.516407,0.000000,44.990996,0.439606,-0.439606,0.553847,0.553847,0.000
277,9.141665,20.679993,-2.200000,0.750000,1.000000,0.000000,0.000000,0.000000,-12.579161,2.200000,0.750000,0.000000,0.000000,0.000000,1.000000,20.676388,0.000000,44.993318,0.455854,-0.455854,0.540553,0.540553,4.167
278,9.174999,20.839993,-2.200000,0.750000,1.000000,0.000000,0.000000,0.000000,-12.695828,2.200000,0.750000,0.000000,0.000000,0.000000,1.000000,20.836365,0.000000,44.995821,0.472782,-0.472782,0.525811,0.525811,4.167
279,9.208332,20.999993,-2.200000,0.750000,1.000000,0.000000,0.000000,0.000000,-12.812495,2.200000,0.750000,0.000000,0.000000,0.000000,1.000000,20.996340,0.000000,44.998440,0.489852,-0.489852,0.509946,0.509946,0.000
280,9.241665,21.159993,-2.200000,0.750000,1.000000,0.000000,0.000000,0.000000,-12.929161,2.200000,0.750000,0.000000,0.000000,0.000000,1.000000,21.156314,0.000000,45.001101,0.506539,-0.506539,0.493375,0.493375,4.167
281,9.274999,21.319993,-2.200000,0.750000,1.000000,0.000000,0.000000,0.000000,-13.045828,2.200000,0.750000,0.000000,0.000000,0.000000,1.000000,21.316289,0.000000,45.003729,0.522357,-0.522357,0.476596,0.476596,4.167
282,9.308332,21.479993,-2.200000,0.750000,1.000000,0.000000,0.000000,0.000000,-13.162495,2.200000,0.750000,0.000000,0.000000,0.000000,1.000000,21.476265,0.000000,45.006254,0.536924,-0.536924,0.460123,0.460123,0.000
283,9.341665,21.639993,-2.200000,0.750000,1.000000,0.000000,0.000000,0.000000,-13.279161,2.200000,0.750000,0.000000,0.000000,0.000000,1.000000,21.636245,0.000000,45.008596,0.549862,-0.549862,0.444581,0.444581,4.167
284,9.370832,21.779993,-2.200000,0.750000,1.000000,0.000000,0.000000,0.000000,-13.381245,2.200000,0.750000,0.000000,0.000000,0.000000,1.000000,21.776231,0.000000,45.010456,0.559724,-0.559724,0.432099,0.432099,0.000
285,9.404165,21.939993,-2.200000,0.750000,1.000000,0.000000,0.000000,0.000000,-13.497911,2.200000,0.750000,0.000000,0.000000,0.000000,1.000000,21.936218,0.000000,45.012293,0.569069,-0.569069,0.419714,0.419714,4.167
286,9.437498,22.099993,-2.200000,0.750000,1.000000,0.000000,0.000000,0.000000,-13.614578,2.200000,0.750000,0.000000,0.000000,0.000000,1.000000,22.096210,0.000000,45.013789,0.576340,-0.576340,0.409673,0.409673,4.167
287,9.470832,22.259993,-2.200000,0.750000,1.000000,0.000000,0.000000,0.000000,-13.731245,2.200000,0.750000,0.000000,0.000000,0.000000,1.000000,22.256205,0.000000,45.014903,0.581478,-0.581478,0.402347,0.402347,0.000
288,9.504165,22.419993,-2.200000,0.750000,1.000000,0.000000,0.000000,0.000000,-13.847911,2.200000,0.750000,0.000000,0.000000,0.000000,1.000000,22.416203,0.000000,45.015585,0.584350,-0.584350,0.398165,0.398165,4.167
289,9.537498,22.579993,-2.200000,0.750000,1.000000,0.000000,0.000000,0.000000,-13.964578,2.200000,0.750000,0.000000,0.000000,0.000000,1.000000,22.576203,0.000000,45.015836,0.585042,-0.585042,0.397147,0.397147,4.167
290,9.570832,22.739993,-2.200000,0.750000,1.000000,0.000000,0.000000,0.000000,-14.081245,2.200000,0.750000,0.000000,0.000000,0.000000,1.000000,22.736203,0.000000,45.015648,0.583553,-0.583553,0.399331,0.399331,0.000
291,9.604165,22.899992,-2.200000,0.750000,1.000000,0.000000,0.000000,0.000000,-14.197911,2.200000,0.750000,0.000000,0.000000,0.000000,1.000000,22.896201,0.000000,45.015006,0.579787,-0.579787,0.404780,0.404780,4.167
292,9.637498,23.059992,-2.200000,0.750000,1.000000,0.000000,0.000000,0.000000,-14.314578,2.200000,0.750000,0.000000,0.000000,0.000000,1.000000,23.056197,0.000000,45.013949,0.573865,-0.573865,0.413133,0.413133,4.167
293,9.670832,23.219992,-2.200000,0.750000,1.000000,0.000000,0.000000,0.000000,-14.431244,2.200000,0.750000,0.000000,0.000000,0.000000,1.000000,23.216190,0.000000,45.012506,0.565825,-0.565825,0.424078,0.424078,0.000
294,9.704165,23.379992,-2.200000,0.750000,1.000000,0.000000,0.000000,0.000000,-14.547911,2.200000,0.750000,0.000000,0.000000,0.000000,1.000000,23.376178,0.000000,45.010699,0.555663,-0.555663,0.437308,0.437308,4.167
295,9.737498,23.539992,-2.200000,0.750000,1.000000,0.000000,0.000000,0.000000,-14.664578,2.200000,0.750000,0.000000,0.000000,0.000000,1.000000,23.536162,0.000000,45.008596,0.543601,-0.543601,0.452214,0.452214,4.167
296,9.770832,23.699992,-2.200000,0.750000,1.000000,0.000000,0.000000,0.000000,-14.781244,2.200000,0.750000,0.000000,0.000000,0.000000,1.000000,23.696142,0.000000,45.006254,0.529828,-0.529828,0.468276,0.468276,0.000
297,9.799998,23.839992,-2.200000,0.750000,1.000000,0.000000,0.000000,0.000000,-14.883328,2.200000,0.750000,0.000000,0.000000,0.000000,1.000000,23.836121,0.000000,45.004052,0.516555,-0.516555,0.482878,0.482878,4.167
298,9.833332,23.999992,-2.200000,0.750000,1.000000,0.000000,0.000000,0.000000,-14.999994,2.200000,0.750000,0.000000,0.000000,0.000000,1.000000,23.996096,0.000000,45.001434,0.500362,-0.500362,0.499637,0.499637,0.000
299,9.866665,24.159992,-2.200000,0.750000,1.000000,0.000000,0.000000,0.000000,-15.116661,2.200000,0.750000,0.000000,0.000000,0.000000,1.000000,24.156071,0.000000,44.998772,0.483471,-0.483471,0.516000,0.516000,4.167
