kare,t,hedef_x,hedef_y,hedef_z,hedef_qw,hedef_qx,hedef_qy,hedef_qz,celdirici_x,celdirici_y,celdirici_z,celdirici_qw,celdirici_qx,celdirici_qy,celdirici_qz,celdirici2_x,celdirici2_y,celdirici2_z,celdirici2_qw,celdirici2_qx,celdirici2_qy,celdirici2_qz,kam_x,kam_y,kam_z,kam_qw,kam_qx,kam_qy,kam_qz,senkron_bosluk_ms
0,0.000000,-23.200000,-2.200000,0.750000,1.000000,0.000000,0.000000,0.000000,19.416667,2.200000,0.750000,0.000000,0.000000,0.000000,1.000000,5.376296,-8.682207,0.750000,0.233445,0.000000,0.000000,0.972370,-23.200021,0.005233,38.300000,0.464929,-0.532768,0.464929,0.532768,4.167
1,0.033333,-23.040000,-2.200000,0.750000,1.000000,0.000000,0.000000,0.000000,19.300000,2.200000,0.750000,0.000000,0.000000,0.000000,1.000000,5.251555,-8.618648,0.750000,0.233445,0.000000,0.000000,0.972370,-23.040025,0.006294,38.300000,0.457852,-0.538861,0.457852,0.538861,0.000
2,0.066667,-22.880000,-2.200000,0.750000,1.000000,0.000000,0.000000,0.000000,19.183333,2.200000,0.750000,0.000000,0.000000,0.000000,1.000000,5.126814,-8.555089,0.750000,0.233445,0.000000,0.000000,0.972370,-22.880029,0.007337,38.300000,0.450815,-0.544762,0.450815,0.544762,4.167
3,0.100000,-22.720000,-2.200000,0.750000,1.000000,0.000000,0.000000,0.000000,19.066667,2.200000,0.750000,0.000000,0.000000,0.000000,1.000000,5.002073,-8.491531,0.750000,0.233445,0.000000,0.000000,0.972370,-22.720033,0.008362,38.300000,0.443835,-0.550464,0.443835,0.550464,4.167
4,0.133333,-22.560000,-2.200000,0.750000,1.000000,0.000000,0.000000,0.000000,18.950000,2.200000,0.750000,0.000000,0.000000,0.000000,1.000000,4.877332,-8.427972,0.750000,0.233445,0.000000,0.000000,0.972370,-22.560036,0.009365,38.300000,0.436936,-0.555956,0.436936,0.555956,0.000
5,0.166667,-22.400000,-2.200000,0.750000,1.000000,0.000000,0.000000,0.000000,18.833334,2.200000,0.750000,0.000000,0.000000,0.000000,1.000000,4.752591,-8.364413,0.750000,0.233445,0.000000,0.000000,0.972370,-22.400040,0.010344,38.300000,0.430152,-0.561221,0.430152,0.561221,4.167
6,0.200000,-22.240000,-2.200000,0.750000,1.000000,0.000000,0.000000,0.000000,18.716667,2.200000,0.750000,0.000000,0.000000,0.000000,1.000000,4.627850,-8.300855,0.750000,0.233445,0.000000,0.000000,0.972370,-22.240043,0.011295,38.300000,0.423499,-0.566258,0.423499,0.566258,4.167
7,0.233333,-22.080000,-2.200000,0.750000,1.000000,0.000000,0.000000,0.000000,18.600000,2.200000,0.750000,0.000000,0.000000,0.000000,1.000000,4.503109,-8.237296,0.750000,0.233445,0.000000,0.000000,0.972370,-22.080046,0.012217,38.300000,0.417001,-0.571061,0.417001,0.571061,0.000
8,0.266667,-21.920000,-2.200000,0.750000,1.000000,0.000000,0.000000,0.000000,18.483334,2.200000,0.750000,0.000000,0.000000,0.000000,1.000000,4.378368,-8.173737,0.750000,0.233445,0.000000,0.000000,0.972370,-21.920049,0.013105,38.300000,0.410693,-0.575614,0.410693,0.575614,4.167
9,0.295833,-21.780000,-2.200000,0.750000,1.000000,0.000000,0.000000,0.000000,18.381250,2.200000,0.750000,0.000000,0.000000,0.000000,1.000000,4.269220,-8.118124,0.750000,0.233445,0.000000,0.000000,0.972370,-21.780052,0.013855,38.300000,0.405335,-0.579399,0.405335,0.579399,0.000
10,0.329167,-21.620000,-2.200000,0.750000,1.000000,0.000000,0.000000,0.000000,18.264584,2.200000,0.750000,0.000000,0.000000,0.000000,1.000000,4.144479,-8.054565,0.750000,0.233445,0.000000,0.000000,0.972370,-21.620054,0.014677,38.300000,0.399435,-0.583482,0.399435,0.583482,4.167
11,0.362500,-21.460000,-2.200000,0.750000,1.000000,0.000000,0.000000,0.000000,18.147917,2.200000,0.750000,0.000000,0.000000,0.000000,1.000000,4.019738,-7.991006,0.750000,0.233445,0.000000,0.000000,0.972370,-21.460056,0.015460,38.300000,0.393781,-0.587313,0.393781,0.587313,4.167
12,0.395833,-21.300000,-2.200000,0.750000,1.000000,0.000000,0.000000,0.000000,18.031250,2.200000,0.750000,0.000000,0.000000,0.000000,1.000000,3.894997,-7.927448,0.750000,0.233445,0.000000,0.000000,0.972370,-21.300058,0.016202,38.300000,0.388393,-0.590890,0.388393,0.590890,0.000
13,0.429167,-21.140000,-2.200000,0.750000,1.000000,0.000000,0.000000,0.000000,17.914584,2.200000,0.750000,0.000000,0.000000,0.000000,1.000000,3.770257,-7.863889,0.750000,0.233445,0.000000,0.000000,0.972370,-21.140060,0.016900,38.300000,0.383308,-0.594201,0.383308,0.594201,4.167
14,0.462500,-20.980000,-2.200000,0.750000,1.000000,0.000000,0.000000,0.000000,17.797917,2.200000,0.750000,0.000000,0.000000,0.000000,1.000000,3.645516,-7.800330,0.750000,0.233445,0.000000,0.000000,0.972370,-20.980062,0.017553,38.300000,0.378530,-0.597256,0.378530,0.597256,4.167
15,0.495833,-20.820001,-2.200000,0.750000,1.000000,0.000000,0.000000,0.000000,17.681250,2.200000,0.750000,0.000000,0.000000,0.000000,1.000000,3.520775,-7.736772,0.750000,0.233445,0.000000,0.000000,0.972370,-20.820063,0.018160,38.300000,0.374078,-0.600054,0.374078,0.600054,0.000
16,0.529167,-20.660001,-2.200000,0.750000,1.000000,0.000000,0.000000,0.000000,17.564584,2.200000,0.750000,0.000000,0.000000,0.000000,1.000000,3.396034,-7.673213,0.750000,0.233445,0.000000,0.000000,0.972370,-20.660064,0.018716,38.300000,0.369987,-0.602586,0.369987,0.602586,4.167
17,0.562500,-20.500001,-2.200000,0.750000,1.000000,0.000000,0.000000,0.000000,17.447917,2.200000,0.750000,0.000000,0.000000,0.000000,1.000000,3.271293,-7.609654,0.750000,0.233445,0.000000,0.000000,0.972370,-20.500065,0.019224,38.300000,0.366255,-0.604862,0.366255,0.604862,4.167
18,0.595833,-20.340001,-2.200000,0.750000,1.000000,0.000000,0.000000,0.000000,17.331250,2.200000,0.750000,0.000000,0.000000,0.000000,1.000000,3.146552,-7.546096,0.750000,0.233445,0.000000,0.000000,0.972370,-20.340066,0.019680,38.300000,0.362896,-0.606883,0.362896,0.606883,0.000
19,0.629167,-20.180001,-2.200000,0.750000,1.000000,0.000000,0.000000,0.000000,17.214584,2.200000,0.750000,0.000000,0.000000,0.000000,1.000000,3.021811,-7.482537,0.750000,0.233445,0.000000,0.000000,0.972370,-20.180067,0.020082,38.300000,0.359943,-0.608639,0.359943,0.608639,4.167
20,0.662500,-20.020001,-2.200000,0.750000,1.000000,0.000000,0.000000,0.000000,17.097917,2.200000,0.750000,0.000000,0.000000,0.000000,1.000000,2.897070,-7.418978,0.750000,0.233445,0.000000,0.000000,0.972370,-20.020067,0.020431,38.300000,0.357388,-0.610143,0.357388,0.610143,4.167
21,0.695833,-19.860001,-2.200000,0.750000,1.000000,0.000000,0.000000,0.000000,16.981250,2.200000,0.750000,0.000000,0.000000,0.000000,1.000000,2.772329,-7.355420,0.750000,0.233445,0.000000,0.000000,0.972370,-19.860068,0.020726,38.300000,0.355241,-0.611395,0.355241,0.611395,0.000
22,0.725000,-19.720001,-2.200000,0.750000,1.000000,0.000000,0.000000,0.000000,16.879167,2.200000,0.750000,0.000000,0.000000,0.000000,1.000000,2.663181,-7.299806,0.750000,0.233445,0.000000,0.000000,0.972370,-19.720068,0.020937,38.300000,0.353722,-0.612275,0.353722,0.612275,4.167
23,0.758333,-19.560001,-2.200000,0.750000,1.000000,0.000000,0.000000,0.000000,16.762501,2.200000,0.750000,0.000000,0.000000,0.000000,1.000000,2.538440,-7.236247,0.750000,0.233445,0.000000,0.000000,0.972370,-19.560068,0.021127,38.300000,0.352375,-0.613051,0.352375,0.613051,0.000
24,0.791667,-19.400001,-2.200000,0.750000,1.000000,0.000000,0.000000,0.000000,16.645834,2.200000,0.750000,0.000000,0.000000,0.000000,1.000000,2.413699,-7.172689,0.750000,0.233445,0.000000,0.000000,0.972370,-19.400068,0.021259,38.300000,0.351476,-0.613567,0.351476,0.613567,4.167
25,0.825000,-19.240001,-2.200000,0.750000,1.000000,0.000000,0.000000,0.000000,16.529167,2.200000,0.750000,0.000000,0.000000,0.000000,1.000000,2.288958,-7.109130,0.750000,0.233445,0.000000,0.000000,0.972370,-19.240068,0.021334,38.300000,0.351008,-0.613835,0.351008,0.613835,4.167
26,0.858333,-19.080001,-2.200000,0.750000,1.000000,0.000000,0.000000,0.000000,16.412501,2.200000,0.750000,0.000000,0.000000,0.000000,1.000000,2.164218,-7.045571,0.750000,0.233445,0.000000,0.000000,0.972370,-19.080068,0.021353,38.300000,0.350973,-0.613855,0.350973,0.613855,0.000
27,0.891667,-18.920001,-2.200000,0.750000,1.000000,0.000000,0.000000,0.000000,16.295834,2.200000,0.750000,0.000000,0.000000,0.000000,1.000000,2.039477,-6.982013,0.750000,0.233445,0.000000,0.000000,0.972370,-18.920068,0.021313,38.300000,0.351393,-0.613615,0.351393,0.613615,4.167
28,0.925000,-18.760001,-2.200000,0.750000,1.000000,0.000000,0.000000,0.000000,16.179167,2.200000,0.750000,0.000000,0.000000,0.000000,1.000000,1.914736,-6.918454,0.750000,0.233445,0.000000,0.000000,0.972370,-18.760068,0.021216,38.300000,0.352244,-0.613126,0.352244,0.613126,4.167
29,0.958333,-18.600001,-2.200000,0.750000,1.000000,0.000000,0.000000,0.000000,16.062501,2.200000,0.750000,0.000000,0.000000,0.000000,1.000000,1.789995,-6.854895,0.750000,0.233445,0.000000,0.000000,0.972370,-18.600068,0.021063,38.300000,0.353524,-0.612389,0.353524,0.612389,0.000
30,0.991667,-18.440001,-2.200000,0.750000,1.000000,0.000000,0.000000,0.000000,15.945834,2.200000,0.750000,0.000000,0.000000,0.000000,1.000000,1.665254,-6.791337,0.750000,0.233445,0.000000,0.000000,0.972370,-18.440068,0.020852,38.300000,0.355248,-0.611391,0.355248,0.611391,4.167
31,1.025000,-18.280001,-2.200000,0.750000,1.000000,0.000000,0.000000,0.000000,15.829167,2.200000,0.750000,0.000000,0.000000,0.000000,1.000000,1.540513,-6.727778,0.750000,0.233445,0.000000,0.000000,0.972370,-18.280069,0.020585,38.300000,0.357388,-0.610143,0.357388,0.610143,4.167
32,1.058333,-18.120001,-2.200000,0.750000,1.000000,0.000000,0.000000,0.000000,15.712501,2.200000,0.750000,0.000000,0.000000,0.000000,1.000000,1.415772,-6.664219,0.750000,0.233445,0.000000,0.000000,0.972370,-18.120069,0.020264,38.300000,0.359936,-0.608643,0.359936,0.608643,0.000
33,1.091666,-17.960001,-2.200000,0.750000,1.000000,0.000000,0.000000,0.000000,15.595834,2.200000,0.750000,0.000000,0.000000,0.000000,1.000000,1.291031,-6.600661,0.750000,0.233445,0.000000,0.000000,0.972370,-17.960070,0.019888,38.300000,0.362902,-0.606879,0.362902,0.606879,4.167
34,1.120833,-17.820001,-2.200000,0.750000,1.000000,0.000000,0.000000,0.000000,15.493751,2.200000,0.750000,0.000000,0.000000,0.000000,1.000000,1.181883,-6.545047,0.750000,0.233445,0.000000,0.000000,0.972370,-17.820070,0.019515,38.300000,0.365808,-0.605132,0.365808,0.605132,0.000
35,1.154166,-17.660001,-2.200000,0.750000,1.000000,0.000000,0.000000,0.000000,15.377084,2.200000,0.750000,0.000000,0.000000,0.000000,1.000000,1.057142,-6.481488,0.750000,0.233445,0.000000,0.000000,0.972370,-17.660071,0.019039,38.300000,0.369500,-0.602884,0.369500,0.602884,4.167
36,1.187500,-17.500001,-2.200000,0.750000,1.000000,0.000000,0.000000,0.000000,15.260417,2.200000,0.750000,0.000000,0.000000,0.000000,1.000000,0.932401,-6.417929,0.750000,0.233445,0.000000,0.000000,0.972370,-17.500072,0.018513,38.300000,0.373553,-0.600382,0.373553,0.600382,4.167
37,1.220833,-17.340001,-2.200000,0.750000,1.000000,0.000000,0.000000,0.000000,15.143751,2.200000,0.750000,0.000000,0.000000,0.000000,1.000000,0.807660,-6.354371,0.750000,0.233445,0.000000,0.000000,0.972370,-17.340073,0.017938,38.300000,0.377950,-0.597623,0.377950,0.597623,0.000
38,1.254166,-17.180001,-2.200000,0.750000,1.000000,0.000000,0.000000,0.000000,15.027084,2.200000,0.750000,0.000000,0.000000,0.000000,1.000000,0.682919,-6.290812,0.750000,0.233445,0.000000,0.000000,0.972370,-17.180075,0.017313,38.300000,0.382693,-0.594597,0.382693,0.594597,4.167
39,1.287500,-17.020001,-2.200000,0.750000,1.000000,0.000000,0.000000,0.000000,14.910417,2.200000,0.750000,0.000000,0.000000,0.000000,1.000000,0.558179,-6.227253,0.750000,0.233445,0.000000,0.000000,0.972370,-17.020076,0.016643,38.300000,0.387745,-0.591315,0.387745,0.591315,4.167
40,1.320833,-16.860001,-2.200000,0.750000,1.000000,0.000000,0.000000,0.000000,14.793751,2.200000,0.750000,0.000000,0.000000,0.000000,1.000000,0.433438,-6.163695,0.750000,0.233445,0.000000,0.000000,0.972370,-16.860079,0.015798,38.300000,0.393073,-0.587787,0.393073,0.587787,0.000
41,1.354166,-16.700001,-2.200000,0.750000,1.000000,0.000000,0.000000,0.000000,14.677084,2.200000,0.750000,0.000000,0.000000,0.000000,1.000000,0.308697,-6.100136,0.750000,0.233445,0.000000,0.000000,0.972370,-16.700081,0.015040,38.300000,0.398699,-0.583985,0.398699,0.583985,4.167
42,1.387500,-16.540001,-2.200000,0.750000,1.000000,0.000000,0.000000,0.000000,14.560418,2.200000,0.750000,0.000000,0.000000,0.000000,1.000000,0.183956,-6.036577,0.750000,0.233445,0.000000,0.000000,0.972370,-16.540084,0.014243,38.300000,0.404574,-0.579931,0.404574,0.579931,4.167
43,1.420833,-16.380001,-2.200000,0.750000,1.000000,0.000000,0.000000,0.000000,14.443751,2.200000,0.750000,0.000000,0.000000,0.000000,1.000000,0.059215,-5.973019,0.750000,0.233445,0.000000,0.000000,0.972370,-16.380086,0.013407,38.300000,0.410675,-0.575627,0.410675,0.575627,0.000
44,1.454166,-16.220001,-2.200000,0.750000,1.000000,0.000000,0.000000,0.000000,14.327084,2.200000,0.750000,0.000000,0.000000,0.000000,1.000000,-0.065526,-5.909460,0.750000,0.233445,0.000000,0.000000,0.972370,-16.220089,0.012535,38.300000,0.416990,-0.571068,0.416990,0.571068,4.167
45,1.487500,-16.060001,-2.200000,0.750000,1.000000,0.000000,0.000000,0.000000,14.210418,2.200000,0.750000,0.000000,0.000000,0.000000,1.000000,-0.190267,-5.845902,0.750000,0.233445,0.000000,0.000000,0.972370,-16.060092,0.011629,38.300000,0.423485,-0.566269,0.423485,0.566269,4.167
46,1.520833,-15.900001,-2.200000,0.750000,1.000000,0.000000,0.000000,0.000000,14.093751,2.200000,0.750000,0.000000,0.000000,0.000000,1.000000,-0.315008,-5.782343,0.750000,0.233445,0.000000,0.000000,0.972370,-15.900095,0.010693,38.300000,0.430135,-0.561234,0.430135,0.561234,0.000
47,1.550000,-15.760001,-2.200000,0.750000,1.000000,0.000000,0.000000,0.000000,13.991668,2.200000,0.750000,0.000000,0.000000,0.000000,1.000000,-0.424156,-5.726729,0.750000,0.233445,0.000000,0.000000,0.972370,-15.760098,0.009849,38.300000,0.436070,-0.556636,0.436070,0.556636,4.167
48,1.583333,-15.600001,-2.200000,0.750000,1.000000,0.000000,0.000000,0.000000,13.875001,2.200000,0.750000,0.000000,0.000000,0.000000,1.000000,-0.548897,-5.663170,0.750000,0.233445,0.000000,0.000000,0.972370,-15.600102,0.008861,38.300000,0.442951,-0.551175,0.442951,0.551175,0.000
49,1.616666,-15.440001,-2.200000,0.750000,1.000000,0.000000,0.000000,0.000000,13.758334,2.200000,0.750000,0.000000,0.000000,0.000000,1.000000,-0.673638,-5.599612,0.750000,0.233445,0.000000,0.000000,0.972370,-15.440105,0.007850,38.300000,0.449925,-0.545498,0.449925,0.545498,4.167
50,1.650000,-15.280001,-2.200000,0.750000,1.000000,0.000000,0.000000,0.000000,13.641668,2.200000,0.750000,0.000000,0.000000,0.000000,1.000000,-0.798379,-5.536053,0.750000,0.233445,0.000000,0.000000,0.972370,-15.280109,0.006817,38.300000,0.456958,-0.539620,0.456958,0.539620,4.167
51,1.683333,-15.120001,-2.200000,0.750000,1.000000,0.000000,0.000000,0.000000,13.525001,2.200000,0.750000,0.000000,0.000000,0.000000,1.000000,-0.923120,-5.472494,0.750000,0.233445,0.000000,0.000000,0.972370,-15.120115,0.005572,38.300000,0.464023,-0.533557,0.464023,0.533557,0.000
52,1.716666,-14.960001,-2.200000,0.750000,1.000000,0.000000,0.000000,0.000000,13.408334,2.200000,0.750000,0.000000,0.000000,0.000000,1.000000,-1.047860,-5.408936,0.750000,0.233445,0.000000,0.000000,0.972370,-14.960119,0.004506,38.300000,0.471110,-0.527310,0.471110,0.527310,4.167
53,1.750000,-14.800001,-2.200000,0.750000,1.000000,0.000000,0.000000,0.000000,13.291668,2.200000,0.750000,0.000000,0.000000,0.000000,1.000000,-1.172601,-5.345377,0.750000,0.233445,0.000000,0.000000,0.972370,-14.800123,0.003429,38.300000,0.478185,-0.520902,0.478185,0.520902,4.167
54,1.783333,-14.640001,-2.200000,0.750000,1.000000,0.000000,0.000000,0.000000,13.175001,2.200000,0.750000,0.000000,0.000000,0.000000,1.000000,-1.297342,-5.281818,0.750000,0.233445,0.000000,0.000000,0.972370,-14.640128,0.002342,38.300000,0.485227,-0.514349,0.485227,0.514349,0.000
55,1.816666,-14.480002,-2.200000,0.750000,1.000000,0.000000,0.000000,0.000000,13.058334,2.200000,0.750000,0.000000,0.000000,0.000000,1.000000,-1.422083,-5.218260,0.750000,0.233445,0.000000,0.000000,0.972370,-14.480132,0.001250,38.300000,0.492215,-0.507666,0.492215,0.507666,4.167
56,1.850000,-14.320002,-2.200000,0.750000,1.000000,0.000000,0.000000,0.000000,12.941668,2.200000,0.750000,0.000000,0.000000,0.000000,1.000000,-1.546824,-5.154701,0.750000,0.233445,0.000000,0.000000,0.972370,-14.320137,0.000154,38.300000,0.499125,-0.500874,0.499125,0.500874,4.167
57,1.883333,-14.160002,-2.200000,0.750000,1.000000,0.000000,0.000000,0.000000,12.825001,2.200000,0.750000,0.000000,0.000000,0.000000,1.000000,-1.671565,-5.091142,0.750000,0.233445,0.000000,0.000000,0.972370,-14.160141,-0.000942,38.300000,0.505938,-0.493990,0.505938,0.493990,0.000
58,1.916666,-14.000002,-2.200000,0.750000,1.000000,0.000000,0.000000,0.000000,12.708334,2.200000,0.750000,0.000000,0.000000,0.000000,1.000000,-1.796306,-5.027584,0.750000,0.233445,0.000000,0.000000,0.972370,-14.000145,-0.002036,38.300000,0.512635,-0.487038,0.512635,0.487038,4.167
59,1.945833,-13.860002,-2.200000,0.750000,1.000000,0.000000,0.000000,0.000000,12.606251,2.200000,0.750000,0.000000,0.000000,0.000000,1.000000,-1.905454,-4.971970,0.750000,0.233445,0.000000,0.000000,0.972370,-13.860149,-0.002988,38.300000,0.518385,-0.480913,0.518385,0.480913,0.000
60,1.979166,-13.700002,-2.200000,0.750000,1.000000,0.000000,0.000000,0.000000,12.489585,2.200000,0.750000,0.000000,0.000000,0.000000,1.000000,-2.030195,-4.908411,0.750000,0.233445,0.000000,0.000000,0.972370,-13.700153,-0.004068,38.300000,0.524813,-0.473889,0.524813,0.473889,4.167
61,2.012500,-13.540002,-2.200000,0.750000,1.000000,0.000000,0.000000,0.000000,12.372918,2.200000,0.750000,0.000000,0.000000,0.000000,1.000000,-2.154936,-4.844853,0.750000,0.233445,0.000000,0.000000,0.972370,-13.540158,-0.005136,38.300000,0.531077,-0.466859,0.531077,0.466859,4.167
62,2.045833,-13.380002,-2.200000,0.750000,1.000000,0.000000,0.000000,0.000000,12.256251,2.200000,0.750000,0.000000,0.000000,0.000000,1.000000,-2.279677,-4.781294,0.750000,0.233445,0.000000,0.000000,0.972370,-13.380162,-0.006191,38.300000,0.537162,-0.459845,0.537162,0.459845,0.000
63,2.079166,-13.220002,-2.200000,0.750000,1.000000,0.000000,0.000000,0.000000,12.139585,2.200000,0.750000,0.000000,0.000000,0.000000,1.000000,-2.404418,-4.717735,0.750000,0.233445,0.000000,0.000000,0.972370,-13.220166,-0.007227,38.300000,0.543049,-0.452877,0.543049,0.452877,4.167
64,2.112500,-13.060002,-2.200000,0.750000,1.000000,0.000000,0.000000,0.000000,12.022918,2.200000,0.750000,0.000000,0.000000,0.000000,1.000000,-2.529159,-4.654177,0.750000,0.233445,0.000000,0.000000,0.972370,-13.060169,-0.008244,38.300000,0.548732,-0.445974,0.548732,0.445974,4.167
65,2.145833,-12.900002,-2.200000,0.750000,1.000000,0.000000,0.000000,0.000000,11.906251,2.200000,0.750000,0.000000,0.000000,0.000000,1.000000,-2.653899,-4.590618,0.750000,0.233445,0.000000,0.000000,0.972370,-12.900173,-0.009239,38.300000,0.554200,-0.439160,0.554200,0.439160,0.000
66,2.179166,-12.740002,-2.200000,0.750000,1.000000,0.000000,0.000000,0.000000,11.789585,2.200000,0.750000,0.000000,0.000000,0.000000,1.000000,-2.778640,-4.527059,0.750000,0.233445,0.000000,0.000000,0.972370,-12.740177,-0.010207,38.300000,0.559438,-0.432469,0.559438,0.432469,4.167
67,2.212500,-12.580002,-2.200000,0.750000,1.000000,0.000000,0.000000,0.000000,11.672918,2.200000,0.750000,0.000000,0.000000,0.000000,1.000000,-2.903381,-4.463501,0.750000,0.233445,0.000000,0.000000,0.972370,-12.580180,-0.011148,38.300000,0.564443,-0.425915,0.564443,0.425915,4.167
68,2.245833,-12.420002,-2.200000,0.750000,1.000000,0.000000,0.000000,0.000000,11.556251,2.200000,0.750000,0.000000,0.000000,0.000000,1.000000,-3.028122,-4.399942,0.750000,0.233445,0.000000,0.000000,0.972370,-12.420183,-0.012058,38.300000,0.569210,-0.419523,0.569210,0.419523,0.000
69,2.279166,-12.260002,-2.200000,0.750000,1.000000,0.000000,0.000000,0.000000,11.439585,2.200000,0.750000,0.000000,0.000000,0.000000,1.000000,-3.152863,-4.336383,0.750000,0.233445,0.000000,0.000000,0.972370,-12.260186,-0.012934,38.300000,0.573724,-0.413329,0.573724,0.413329,4.167
70,2.312500,-12.100002,-2.200000,0.750000,1.000000,0.000000,0.000000,0.000000,11.322918,2.200000,0.750000,0.000000,0.000000,0.000000,1.000000,-3.277604,-4.272825,0.750000,0.233445,0.000000,0.000000,0.972370,-12.100188,-0.013774,38.300000,0.577988,-0.407345,0.577988,0.407345,4.167
71,2.345833,-11.940002,-2.200000,0.750000,1.000000,0.000000,0.000000,0.000000,11.206251,2.200000,0.750000,0.000000,0.000000,0.000000,1.000000,-3.402345,-4.209266,0.750000,0.233445,0.000000,0.000000,0.972370,-11.940191,-0.014577,38.300000,0.582000,-0.401592,0.582000,0.401592,0.000
72,2.375000,-11.800002,-2.200000,0.750000,1.000000,0.000000,0.000000,0.000000,11.104168,2.200000,0.750000,0.000000,0.000000,0.000000,1.000000,-3.511493,-4.153652,0.750000,0.233445,0.000000,0.000000,0.972370,-11.800193,-0.015246,38.300000,0.585292,-0.396778,0.585292,0.396778,4.167
73,2.408333,-11.640002,-2.200000,0.750000,1.000000,0.000000,0.000000,0.000000,10.987501,2.200000,0.750000,0.000000,0.000000,0.000000,1.000000,-3.636234,-4.090094,0.750000,0.233445,0.000000,0.000000,0.972370,-11.640195,-0.016112,38.300000,0.588827,-0.391513,0.588827,0.391513,0.000
74,2.441666,-11.480002,-2.200000,0.750000,1.000000,0.000000,0.000000,0.000000,10.870835,2.200000,0.750000,0.000000,0.000000,0.000000,1.000000,-3.760975,-4.026535,0.750000,0.233445,0.000000,0.000000,0.972370,-11.480197,-0.016793,38.300000,0.592084,-0.386571,0.592084,0.386571,4.167
75,2.475000,-11.320002,-2.200000,0.750000,1.000000,0.000000,0.000000,0.000000,10.754168,2.200000,0.750000,0.000000,0.000000,0.000000,1.000000,-3.885716,-3.962976,0.750000,0.233445,0.000000,0.000000,0.972370,-11.320199,-0.017429,38.300000,0.595081,-0.381941,0.595081,0.381941,4.167
76,2.508333,-11.160002,-2.200000,0.750000,1.000000,0.000000,0.000000,0.000000,10.637501,2.200000,0.750000,0.000000,0.000000,0.000000,1.000000,-4.010457,-3.899418,0.750000,0.233445,0.000000,0.000000,0.972370,-11.160200,-0.018132,38.300000,0.597829,-0.377624,0.597829,0.377624,0.000
77,2.541666,-11.000002,-2.200000,0.750000,1.000000,0.000000,0.000000,0.000000,10.520835,2.200000,0.750000,0.000000,0.000000,0.000000,1.000000,-4.135198,-3.835859,0.750000,0.233445,0.000000,0.000000,0.972370,-11.000202,-0.018802,38.300000,0.600312,-0.373665,0.600312,0.373665,4.167
78,2.575000,-10.840002,-2.200000,0.750000,1.000000,0.000000,0.000000,0.000000,10.404168,2.200000,0.750000,0.000000,0.000000,0.000000,1.000000,-4.259938,-3.772300,0.750000,0.233445,0.000000,0.000000,0.972370,-10.840203,-0.019358,38.300000,0.602529,-0.370080,0.602529,0.370080,4.167
79,2.608333,-10.680002,-2.200000,0.750000,1.000000,0.000000,0.000000,0.000000,10.287502,2.200000,0.750000,0.000000,0.000000,0.000000,1.000000,-4.384679,-3.708742,0.750000,0.233445,0.000000,0.000000,0.972370,-10.680204,-0.019795,38.300000,0.604480,-0.366884,0.604480,0.366884,0.000
80,2.641666,-10.520002,-2.200000,0.750000,1.000000,0.000000,0.000000,0.000000,10.170835,2.200000,0.750000,0.000000,0.000000,0.000000,1.000000,-4.509420,-3.645183,0.750000,0.233445,0.000000,0.000000,0.972370,-10.520205,-0.020177,38.300000,0.606164,-0.364095,0.606164,0.364095,4.167
81,2.675000,-10.360002,-2.200000,0.750000,1.000000,0.000000,0.000000,0.000000,10.054168,2.200000,0.750000,0.000000,0.000000,0.000000,1.000000,-4.634161,-3.581624,0.750000,0.233445,0.000000,0.000000,0.972370,-10.360205,-0.020505,38.300000,0.607592,-0.361707,0.607592,0.361707,4.167
82,2.708333,-10.200002,-2.200000,0.750000,1.000000,0.000000,0.000000,0.000000,9.937502,2.200000,0.750000,0.000000,0.000000,0.000000,1.000000,-4.758902,-3.518066,0.750000,0.233445,0.000000,0.000000,0.972370,-10.200205,-0.020780,38.300000,0.608766,-0.359728,0.608766,0.359728,0.000
83,2.741666,-10.040002,-2.200000,0.750000,1.000000,0.000000,0.000000,0.000000,9.820835,2.200000,0.750000,0.000000,0.000000,0.000000,1.000000,-4.883643,-3.454507,0.750000,0.233445,0.000000,0.000000,0.972370,-10.040206,-0.020996,38.300000,0.609674,-0.358186,0.609674,0.358186,4.167
84,2.770833,-9.900002,-2.200000,0.750000,1.000000,0.000000,0.000000,0.000000,9.718752,2.200000,0.750000,0.000000,0.000000,0.000000,1.000000,-4.992791,-3.398893,0.750000,0.233445,0.000000,0.000000,0.972370,-9.900206,-0.021141,38.300000,0.610266,-0.357177,0.610266,0.357177,0.000
85,2.804166,-9.740002,-2.200000,0.750000,1.000000,0.000000,0.000000,0.000000,9.602085,2.200000,0.750000,0.000000,0.000000,0.000000,1.000000,-5.117532,-3.335334,0.750000,0.233445,0.000000,0.000000,0.972370,-9.740206,-0.021251,38.300000,0.610694,-0.356445,0.610694,0.356445,4.167
86,2.837500,-9.580002,-2.200000,0.750000,1.000000,0.000000,0.000000,0.000000,9.485418,2.200000,0.750000,0.000000,0.000000,0.000000,1.000000,-5.242273,-3.271776,0.750000,0.233445,0.000000,0.000000,0.972370,-9.580206,-0.021305,38.300000,0.610869,-0.356144,0.610869,0.356144,4.167
87,2.870833,-9.420002,-2.200000,0.750000,1.000000,0.000000,0.000000,0.000000,9.368752,2.200000,0.750000,0.000000,0.000000,0.000000,1.000000,-5.367014,-3.208217,0.750000,0.233445,0.000000,0.000000,0.972370,-9.420206,-0.021302,38.300000,0.610793,-0.356274,0.610793,0.356274,0.000
88,2.904166,-9.260002,-2.200000,0.750000,1.000000,0.000000,0.000000,0.000000,9.252085,2.200000,0.750000,0.000000,0.000000,0.000000,1.000000,-5.491755,-3.144658,0.750000,0.233445,0.000000,0.000000,0.972370,-9.260206,-0.021240,38.300000,0.610454,-0.356856,0.610454,0.356856,4.167
89,2.937500,-9.100002,-2.200000,0.750000,1.000000,0.000000,0.000000,0.000000,9.135418,2.200000,0.750000,0.000000,0.000000,0.000000,1.000000,-5.616496,-3.081100,0.750000,0.233445,0.000000,0.000000,0.972370,-9.100206,-0.021122,38.300000,0.609862,-0.357866,0.609862,0.357866,4.167
90,2.970833,-8.940002,-2.200000,0.750000,1.000000,0.000000,0.000000,0.000000,9.018752,2.200000,0.750000,0.000000,0.000000,0.000000,1.000000,-5.741237,-3.017541,0.750000,0.233445,0.000000,0.000000,0.972370,-8.940206,-0.020948,38.300000,0.609018,-0.359301,0.609018,0.359301,0.000
91,3.004166,-8.780002,-2.200000,0.750000,1.000000,0.000000,0.000000,0.000000,8.902085,2.200000,0.750000,0.000000,0.000000,0.000000,1.000000,-5.865977,-2.953982,0.750000,0.233445,0.000000,0.000000,0.972370,-8.780206,-0.020716,38.300000,0.607909,-0.361174,0.607909,0.361174,4.167
92,3.037500,-8.620002,-2.200000,0.750000,1.000000,0.000000,0.000000,0.000000,8.785418,2.200000,0.750000,0.000000,0.000000,0.000000,1.000000,-5.990718,-2.890424,0.750000,0.233445,0.000000,0.000000,0.972370,-8.620207,-0.020376,38.300000,0.606557,-0.363440,0.606557,0.363440,4.167
93,3.070833,-8.460002,-2.200000,0.750000,1.000000,0.000000,0.000000,0.000000,8.668752,2.200000,0.750000,0.000000,0.000000,0.000000,1.000000,-6.115459,-2.826865,0.750000,0.233445,0.000000,0.000000,0.972370,-8.460207,-0.020035,38.300000,0.604938,-0.366128,0.604938,0.366128,0.000
94,3.104166,-8.300003,-2.200000,0.750000,1.000000,0.000000,0.000000,0.000000,8.552085,2.200000,0.750000,0.000000,0.000000,0.000000,1.000000,-6.240200,-2.763307,0.750000,0.233445,0.000000,0.000000,0.972370,-8.300208,-0.019638,38.300000,0.603052,-0.369227,0.603052,0.369227,4.167
95,3.137499,-8.140003,-2.200000,0.750000,1.000000,0.000000,0.000000,0.000000,8.435419,2.200000,0.750000,0.000000,0.000000,0.000000,1.000000,-6.364941,-2.699748,0.750000,0.233445,0.000000,0.000000,0.972370,-8.140208,-0.019189,38.300000,0.600908,-0.372705,0.600908,0.372705,4.167
96,3.170833,-7.980003,-2.200000,0.750000,1.000000,0.000000,0.000000,0.000000,8.318752,2.200000,0.750000,0.000000,0.000000,0.000000,1.000000,-6.489682,-2.636189,0.750000,0.233445,0.000000,0.000000,0.972370,-7.980209,-0.018689,38.300000,0.598506,-0.376550,0.598506,0.376550,0.000
97,3.199999,-7.840003,-2.200000,0.750000,1.000000,0.000000,0.000000,0.000000,8.216669,2.200000,0.750000,0.000000,0.000000,0.000000,1.000000,-6.598830,-2.580575,0.750000,0.233445,0.000000,0.000000,0.972370,-7.840210,-0.018208,38.300000,0.596183,-0.380219,0.596183,0.380219,4.167
98,3.233333,-7.680003,-2.200000,0.750000,1.000000,0.000000,0.000000,0.000000,8.100002,2.200000,0.750000,0.000000,0.000000,0.000000,1.000000,-6.723571,-2.517017,0.750000,0.233445,0.000000,0.000000,0.972370,-7.680212,-0.017615,38.300000,0.593288,-0.384719,0.593288,0.384719,0.000
99,3.266666,-7.520003,-2.200000,0.750000,1.000000,0.000000,0.000000,0.000000,7.983335,2.200000,0.750000,0.000000,0.000000,0.000000,1.000000,-6.848312,-2.453458,0.750000,0.233445,0.000000,0.000000,0.972370,-7.520213,-0.016972,38.300000,0.590124,-0.389556,0.590124,0.389556,4.167
100,3.299999,-7.360003,-2.200000,0.750000,1.000000,0.000000,0.000000,0.000000,7.866669,2.200000,0.750000,0.000000,0.000000,0.000000,1.000000,-6.973053,-2.389899,0.750000,0.233445,0.000000,0.000000,0.972370,-7.360215,-0.016285,38.300000,0.586701,-0.394692,0.586701,0.394692,4.167
101,3.333333,-7.200003,-2.200000,0.750000,1.000000,0.000000,0.000000,0.000000,7.750002,2.200000,0.750000,0.000000,0.000000,0.000000,1.000000,-7.097794,-2.326341,0.750000,0.233445,0.000000,0.000000,0.972370,-7.200217,-0.015555,38.300000,0.583020,-0.400109,0.583020,0.400109,0.000
102,3.366666,-7.040003,-2.200000,0.750000,1.000000,0.000000,0.000000,0.000000,7.633335,2.200000,0.750000,0.000000,0.000000,0.000000,1.000000,-7.222535,-2.262782,0.750000,0.233445,0.000000,0.000000,0.972370,-7.040219,-0.014782,38.300000,0.579074,-0.405800,0.579074,0.405800,4.167
103,3.399999,-6.880003,-2.200000,0.750000,1.000000,0.000000,0.000000,0.000000,7.516669,2.200000,0.750000,0.000000,0.000000,0.000000,1.000000,-7.347276,-2.199223,0.750000,0.233445,0.000000,0.000000,0.972370,-6.880222,-0.013969,38.300000,0.574874,-0.411728,0.574874,0.411728,4.167
104,3.433333,-6.720003,-2.200000,0.750000,1.000000,0.000000,0.000000,0.000000,7.400002,2.200000,0.750000,0.000000,0.000000,0.000000,1.000000,-7.472016,-2.135665,0.750000,0.233445,0.000000,0.000000,0.972370,-6.720224,-0.013120,38.300000,0.570424,-0.417872,0.570424,0.417872,0.000
105,3.466666,-6.560003,-2.200000,0.750000,1.000000,0.000000,0.000000,0.000000,7.283335,2.200000,0.750000,0.000000,0.000000,0.000000,1.000000,-7.596757,-2.072106,0.750000,0.233445,0.000000,0.000000,0.972370,-6.560227,-0.012235,38.300000,0.565719,-0.424219,0.565719,0.424219,4.167
106,3.499999,-6.400003,-2.200000,0.750000,1.000000,0.000000,0.000000,0.000000,7.166669,2.200000,0.750000,0.000000,0.000000,0.000000,1.000000,-7.721498,-2.008547,0.750000,0.233445,0.000000,0.000000,0.972370,-6.400230,-0.011317,38.300000,0.560775,-0.430734,0.560775,0.430734,4.167
107,3.533333,-6.240003,-2.200000,0.750000,1.000000,0.000000,0.000000,0.000000,7.050002,2.200000,0.750000,0.000000,0.000000,0.000000,1.000000,-7.846239,-1.944989,0.750000,0.233445,0.000000,0.000000,0.972370,-6.240233,-0.010370,38.300000,0.555596,-0.437394,0.555596,0.437394,0.000
108,3.566666,-6.080003,-2.200000,0.750000,1.000000,0.000000,0.000000,0.000000,6.933335,2.200000,0.750000,0.000000,0.000000,0.000000,1.000000,-7.970980,-1.881430,0.750000,0.233445,0.000000,0.000000,0.972370,-6.080237,-0.009394,38.300000,0.550184,-0.444182,0.550184,0.444182,4.167
109,3.595833,-5.940003,-2.200000,0.750000,1.000000,0.000000,0.000000,0.000000,6.831252,2.200000,0.750000,0.000000,0.000000,0.000000,1.000000,-8.080128,-1.825816,0.750000,0.233445,0.000000,0.000000,0.972370,-5.940240,-0.008521,38.300000,0.545273,-0.450197,0.545273,0.450197,0.000
110,3.629166,-5.780003,-2.200000,0.750000,1.000000,0.000000,0.000000,0.000000,6.714585,2.200000,0.750000,0.000000,0.000000,0.000000,1.000000,-8.204869,-1.762258,0.750000,0.233445,0.000000,0.000000,0.972370,-5.780244,-0.007501,38.300000,0.539459,-0.457148,0.539459,0.457148,4.167
111,3.662499,-5.620003,-2.200000,0.750000,1.000000,0.000000,0.000000,0.000000,6.597919,2.200000,0.750000,0.000000,0.000000,0.000000,1.000000,-8.329610,-1.698699,0.750000,0.233445,0.000000,0.000000,0.972370,-5.620248,-0.006461,38.300000,0.533448,-0.464148,0.533448,0.464148,4.167
112,3.695833,-5.460003,-2.200000,0.750000,1.000000,0.000000,0.000000,0.000000,6.481252,2.200000,0.750000,0.000000,0.000000,0.000000,1.000000,-8.454351,-1.635140,0.750000,0.233445,0.000000,0.000000,0.972370,-5.460252,-0.005405,38.300000,0.527253,-0.471174,0.527253,0.471174,0.000
113,3.729166,-5.300003,-2.200000,0.750000,1.000000,0.000000,0.000000,0.000000,6.364586,2.200000,0.750000,0.000000,0.000000,0.000000,1.000000,-8.579092,-1.571582,0.750000,0.233445,0.000000,0.000000,0.972370,-5.300256,-0.004335,38.300000,0.520883,-0.478206,0.520883,0.478206,4.167
114,3.762499,-5.140003,-2.200000,0.750000,1.000000,0.000000,0.000000,0.000000,6.247919,2.200000,0.750000,0.000000,0.000000,0.000000,1.000000,-8.703833,-1.508023,0.750000,0.233445,0.000000,0.000000,0.972370,-5.140261,-0.003254,38.300000,0.514359,-0.485216,0.514359,0.485216,4.167
115,3.795833,-4.980003,-2.200000,0.750000,1.000000,0.000000,0.000000,0.000000,6.131252,2.200000,0.750000,0.000000,0.000000,0.000000,1.000000,-8.828574,-1.444464,0.750000,0.233445,0.000000,0.000000,0.972370,-4.980265,-0.002165,38.300000,0.507696,-0.492183,0.507696,0.492183,0.000
116,3.829166,-4.820003,-2.200000,0.750000,1.000000,0.000000,0.000000,0.000000,6.014586,2.200000,0.750000,0.000000,0.000000,0.000000,1.000000,-8.953315,-1.380906,0.750000,0.233445,0.000000,0.000000,0.972370,-4.820269,-0.001070,38.300000,0.500911,-0.499087,0.500911,0.499087,4.167
117,3.862499,-4.660003,-2.200000,0.750000,1.000000,0.000000,0.000000,0.000000,5.897919,2.200000,0.750000,0.000000,0.000000,0.000000,1.000000,-9.078055,-1.317347,0.750000,0.233445,0.000000,0.000000,0.972370,-4.660274,0.000026,38.300000,0.494024,-0.505905,0.494024,0.505905,4.167
118,3.895833,-4.500003,-2.200000,0.750000,1.000000,0.000000,0.000000,0.000000,5.781252,2.200000,0.750000,0.000000,0.000000,0.000000,1.000000,-9.202796,-1.253788,0.750000,0.233445,0.000000,0.000000,0.972370,-4.500278,0.001122,38.300000,0.487055,-0.512618,0.487055,0.512618,0.000
119,3.929166,-4.340003,-2.200000,0.750000,1.000000,0.000000,0.000000,0.000000,5.664586,2.200000,0.750000,0.000000,0.000000,0.000000,1.000000,-9.327537,-1.190230,0.750000,0.233445,0.000000,0.000000,0.972370,-4.340282,0.002213,38.300000,0.480026,-0.519207,0.480026,0.519207,4.167
120,3.962499,-4.180003,-2.200000,0.750000,1.000000,0.000000,0.000000,0.000000,5.547919,2.200000,0.750000,0.000000,0.000000,0.000000,1.000000,-9.452278,-1.126671,0.750000,0.233445,0.000000,0.000000,0.972370,-4.180287,0.003297,38.300000,0.472957,-0.525653,0.472957,0.525653,4.167
121,3.995833,-4.020003,-2.200000,0.750000,1.000000,0.000000,0.000000,0.000000,5.431252,2.200000,0.750000,0.000000,0.000000,0.000000,1.000000,-9.577019,-1.063112,0.750000,0.233445,0.000000,0.000000,0.972370,-4.020291,0.004372,38.300000,0.465872,-0.531943,0.465872,0.531943,0.000
122,4.024999,-3.880003,-2.200000,0.750000,1.000000,0.000000,0.000000,0.000000,5.329169,2.200000,0.750000,0.000000,0.000000,0.000000,1.000000,-9.686167,-1.007499,0.750000,0.233445,0.000000,0.000000,0.972370,-3.880295,0.005302,38.300000,0.459680,-0.537303,0.459680,0.537303,4.167
123,4.058333,-3.720003,-2.200000,0.750000,1.000000,0.000000,0.000000,0.000000,5.212502,2.200000,0.750000,0.000000,0.000000,0.000000,1.000000,-9.810908,-0.943940,0.750000,0.233445,0.000000,0.000000,0.972370,-3.720299,0.006350,38.300000,0.452628,-0.543256,0.452628,0.543256,0.000
124,4.091666,-3.560003,-2.200000,0.750000,1.000000,0.000000,0.000000,0.000000,5.095836,2.200000,0.750000,0.000000,0.000000,0.000000,1.000000,-9.935649,-0.880381,0.750000,0.233445,0.000000,0.000000,0.972370,-3.560303,0.007380,38.300000,0.445634,-0.549009,0.445634,0.549009,4.167
125,4.124999,-3.400003,-2.200000,0.750000,1.000000,0.000000,0.000000,0.000000,4.979169,2.200000,0.750000,0.000000,0.000000,0.000000,1.000000,-10.060390,-0.816823,0.750000,0.233445,0.000000,0.000000,0.972370,-3.400306,0.008389,38.300000,0.438715,-0.554553,0.438715,0.554553,4.167
126,4.158333,-3.240003,-2.200000,0.750000,1.000000,0.000000,0.000000,0.000000,4.862502,2.200000,0.750000,0.000000,0.000000,0.000000,1.000000,-10.185131,-0.753264,0.750000,0.233445,0.000000,0.000000,0.972370,-3.240310,0.009374,38.300000,0.431896,-0.559880,0.431896,0.559880,0.000
127,4.191666,-3.080003,-2.200000,0.750000,1.000000,0.000000,0.000000,0.000000,4.745836,2.200000,0.750000,0.000000,0.000000,0.000000,1.000000,-10.309872,-0.689705,0.750000,0.233445,0.000000,0.000000,0.972370,-3.080313,0.010332,38.300000,0.425211,-0.564974,0.425211,0.564974,4.167
128,4.224999,-2.920003,-2.200000,0.750000,1.000000,0.000000,0.000000,0.000000,4.629169,2.200000,0.750000,0.000000,0.000000,0.000000,1.000000,-10.434613,-0.626147,0.750000,0.233445,0.000000,0.000000,0.972370,-2.920316,0.011261,38.300000,0.418676,-0.569834,0.418676,0.569834,4.167
129,4.258333,-2.760003,-2.200000,0.750000,1.000000,0.000000,0.000000,0.000000,4.512502,2.200000,0.750000,0.000000,0.000000,0.000000,1.000000,-10.559354,-0.562588,0.750000,0.233445,0.000000,0.000000,0.972370,-2.760319,0.012159,38.300000,0.412313,-0.574455,0.412313,0.574455,0.000
130,4.291666,-2.600003,-2.200000,0.750000,1.000000,0.000000,0.000000,0.000000,4.395836,2.200000,0.750000,0.000000,0.000000,0.000000,1.000000,-10.684094,-0.499029,0.750000,0.233445,0.000000,0.000000,0.972370,-2.600322,0.013022,38.300000,0.406159,-0.578822,0.406159,0.578822,4.167
131,4.324999,-2.440003,-2.200000,0.750000,1.000000,0.000000,0.000000,0.000000,4.279169,2.200000,0.750000,0.000000,0.000000,0.000000,1.000000,-10.808835,-0.435471,0.750000,0.233445,0.000000,0.000000,0.972370,-2.440325,0.013848,38.300000,0.400225,-0.582941,0.400225,0.582941,4.167
132,4.358333,-2.280003,-2.200000,0.750000,1.000000,0.000000,0.000000,0.000000,4.162503,2.200000,0.750000,0.000000,0.000000,0.000000,1.000000,-10.933576,-0.371912,0.750000,0.233445,0.000000,0.000000,0.972370,-2.280327,0.014637,38.300000,0.394533,-0.586808,0.394533,0.586808,0.000
133,4.391666,-2.120004,-2.200000,0.750000,1.000000,0.000000,0.000000,0.000000,4.045836,2.200000,0.750000,0.000000,0.000000,0.000000,1.000000,-11.058317,-0.308353,0.750000,0.233445,0.000000,0.000000,0.972370,-2.120329,0.015383,38.300000,0.389121,-0.590411,0.389121,0.590411,4.167
134,4.420833,-1.980004,-2.200000,0.750000,1.000000,0.000000,0.000000,0.000000,3.943753,2.200000,0.750000,0.000000,0.000000,0.000000,1.000000,-11.167465,-0.252739,0.750000,0.233445,0.000000,0.000000,0.972370,-1.980331,0.016002,38.300000,0.384612,-0.593358,0.384612,0.593358,0.000
135,4.454166,-1.820004,-2.200000,0.750000,1.000000,0.000000,0.000000,0.000000,3.827086,2.200000,0.750000,0.000000,0.000000,0.000000,1.000000,-11.292206,-0.189181,0.750000,0.233445,0.000000,0.000000,0.972370,-1.820332,0.016666,38.300000,0.379761,-0.596475,0.379761,0.596475,4.167
136,4.487499,-1.660004,-2.200000,0.750000,1.000000,0.000000,0.000000,0.000000,3.710419,2.200000,0.750000,0.000000,0.000000,0.000000,1.000000,-11.416947,-0.125622,0.750000,0.233445,0.000000,0.000000,0.972370,-1.660334,0.017284,38.300000,0.375230,-0.599335,0.375230,0.599335,4.167
137,4.520833,-1.500004,-2.200000,0.750000,1.000000,0.000000,0.000000,0.000000,3.593753,2.200000,0.750000,0.000000,0.000000,0.000000,1.000000,-11.541688,-0.062063,0.750000,0.233445,0.000000,0.000000,0.972370,-1.500335,0.017855,38.300000,0.371039,-0.601939,0.371039,0.601939,0.000
138,4.554166,-1.340004,-2.200000,0.750000,1.000000,0.000000,0.000000,0.000000,3.477086,2.200000,0.750000,0.000000,0.000000,0.000000,1.000000,-11.666429,0.001495,0.750000,0.233445,0.000000,0.000000,0.972370,-1.340336,0.018374,38.300000,0.367220,-0.604276,0.367220,0.604276,4.167
139,4.587499,-1.180004,-2.200000,0.750000,1.000000,0.000000,0.000000,0.000000,3.360419,2.200000,0.750000,0.000000,0.000000,0.000000,1.000000,-11.791170,0.065054,0.750000,0.233445,0.000000,0.000000,0.972370,-1.180337,0.018843,38.300000,0.363771,-0.606358,0.363771,0.606358,4.167
140,4.620833,-1.020004,-2.200000,0.750000,1.000000,0.000000,0.000000,0.000000,3.243753,2.200000,0.750000,0.000000,0.000000,0.000000,1.000000,-11.915911,0.128613,0.750000,0.233445,0.000000,0.000000,0.972370,-1.020337,0.019260,38.300000,0.360706,-0.608187,0.360706,0.608187,0.000
141,4.654166,-0.860004,-2.200000,0.750000,1.000000,0.000000,0.000000,0.000000,3.127086,2.200000,0.750000,0.000000,0.000000,0.000000,1.000000,-12.040652,0.192171,0.750000,0.233445,0.000000,0.000000,0.972370,-0.860338,0.019621,38.300000,0.358056,-0.609751,0.358056,0.609751,4.167
142,4.687499,-0.700004,-2.200000,0.750000,1.000000,0.000000,0.000000,0.000000,3.010419,2.200000,0.750000,0.000000,0.000000,0.000000,1.000000,-12.165393,0.255730,0.750000,0.233445,0.000000,0.000000,0.972370,-0.700338,0.019929,38.300000,0.355811,-0.611063,0.355811,0.611063,4.167
143,4.720833,-0.540004,-2.200000,0.750000,1.000000,0.000000,0.000000,0.000000,2.893753,2.200000,0.750000,0.000000,0.000000,0.000000,1.000000,-12.290133,0.319288,0.750000,0.233445,0.000000,0.000000,0.972370,-0.540339,0.020183,38.300000,0.353981,-0.612125,0.353981,0.612125,0.000
144,4.754166,-0.380004,-2.200000,0.750000,1.000000,0.000000,0.000000,0.000000,2.777086,2.200000,0.750000,0.000000,0.000000,0.000000,1.000000,-12.414874,0.382847,0.750000,0.233445,0.000000,0.000000,0.972370,-0.380339,0.020378,38.300000,0.352593,-0.612926,0.352593,0.612926,4.167
145,4.787499,-0.220004,-2.200000,0.750000,1.000000,0.000000,0.000000,0.000000,2.660419,2.200000,0.750000,0.000000,0.000000,0.000000,1.000000,-12.539615,0.446406,0.750000,0.233445,0.000000,0.000000,0.972370,-0.220339,0.020518,38.300000,0.351633,-0.613477,0.351633,0.613477,4.167
146,4.820833,-0.060004,-2.200000,0.750000,1.000000,0.000000,0.000000,0.000000,2.543753,2.200000,0.750000,0.000000,0.000000,0.000000,1.000000,-12.664356,0.509964,0.750000,0.233445,0.000000,0.000000,0.972370,-0.060339,0.020601,38.300000,0.351103,-0.613780,0.351103,0.613780,0.000
147,4.849999,0.079996,-2.200000,0.750000,1.000000,0.000000,0.000000,0.000000,2.441669,2.200000,0.750000,0.000000,0.000000,0.000000,1.000000,-12.773504,0.565578,0.750000,0.233445,0.000000,0.000000,0.972370,0.079661,0.020625,38.300000,0.351014,-0.613832,0.351014,0.613832,4.167
148,4.883333,0.239996,-2.200000,0.750000,1.000000,0.000000,0.000000,0.000000,2.325003,2.200000,0.750000,0.000000,0.000000,0.000000,1.000000,-12.898245,0.629137,0.750000,0.233445,0.000000,0.000000,0.972370,0.239661,0.020601,38.300000,0.351310,-0.613662,0.351310,0.613662,0.000
149,4.916666,0.399996,-2.200000,0.750000,1.000000,0.000000,0.000000,0.000000,2.208336,2.200000,0.750000,0.000000,0.000000,0.000000,1.000000,-13.022986,0.692696,0.750000,0.233445,0.000000,0.000000,0.972370,0.399661,0.020518,38.300000,0.352059,-0.613233,0.352059,0.613233,4.167
150,4.949999,0.559996,-2.200000,0.750000,1.000000,0.000000,0.000000,0.000000,2.091670,2.200000,0.750000,0.000000,0.000000,0.000000,1.000000,-13.147727,0.756254,0.750000,0.233445,0.000000,0.000000,0.972370,0.559661,0.020378,38.300000,0.353237,-0.612555,0.353237,0.612555,4.167
151,4.983333,0.719996,-2.200000,0.750000,1.000000,0.000000,0.000000,0.000000,1.975003,2.200000,0.750000,0.000000,0.000000,0.000000,1.000000,-13.272468,0.819813,0.750000,0.233445,0.000000,0.000000,0.972370,0.719661,0.020151,38.300000,0.354819,-0.611640,0.354819,0.611640,0.000
152,5.016666,0.879996,-2.200000,0.750000,1.000000,0.000000,0.000000,0.000000,1.858336,2.200000,0.750000,0.000000,0.000000,0.000000,1.000000,-13.397209,0.883372,0.750000,0.233445,0.000000,0.000000,0.972370,0.879660,0.019897,38.300000,0.356861,-0.610451,0.356861,0.610451,4.167
153,5.049999,1.039996,-2.200000,0.750000,1.000000,0.000000,0.000000,0.000000,1.741670,2.200000,0.750000,0.000000,0.000000,0.000000,1.000000,-13.521950,0.946930,0.750000,0.233445,0.000000,0.000000,0.972370,1.039660,0.019589,38.300000,0.359313,-0.609011,0.359313,0.609011,4.167
154,5.083333,1.199996,-2.200000,0.750000,1.000000,0.000000,0.000000,0.000000,1.625003,2.200000,0.750000,0.000000,0.000000,0.000000,1.000000,-13.646691,1.010489,0.750000,0.233445,0.000000,0.000000,0.972370,1.199660,0.019227,38.300000,0.362166,-0.607319,0.362166,0.607319,0.000
155,5.116666,1.359996,-2.200000,0.750000,1.000000,0.000000,0.000000,0.000000,1.508336,2.200000,0.750000,0.000000,0.000000,0.000000,1.000000,-13.771432,1.074048,0.750000,0.233445,0.000000,0.000000,0.972370,1.359659,0.018810,38.300000,0.365428,-0.605362,0.365428,0.605362,4.167
156,5.149999,1.519996,-2.200000,0.750000,1.000000,0.000000,0.000000,0.000000,1.391670,2.200000,0.750000,0.000000,0.000000,0.000000,1.000000,-13.896173,1.137606,0.750000,0.233445,0.000000,0.000000,0.972370,1.519658,0.018342,38.300000,0.369066,-0.603150,0.369066,0.603150,4.167
157,5.183333,1.679996,-2.200000,0.750000,1.000000,0.000000,0.000000,0.000000,1.275003,2.200000,0.750000,0.000000,0.000000,0.000000,1.000000,-14.020913,1.201165,0.750000,0.233445,0.000000,0.000000,0.972370,1.679657,0.017822,38.300000,0.373067,-0.600684,0.373067,0.600684,0.000
158,5.216666,1.839996,-2.200000,0.750000,1.000000,0.000000,0.000000,0.000000,1.158336,2.200000,0.750000,0.000000,0.000000,0.000000,1.000000,-14.145654,1.264724,0.750000,0.233445,0.000000,0.000000,0.972370,1.839656,0.017252,38.300000,0.377433,-0.597950,0.377433,0.597950,4.167
159,5.245832,1.979996,-2.200000,0.750000,1.000000,0.000000,0.000000,0.000000,1.056253,2.200000,0.750000,0.000000,0.000000,0.000000,1.000000,-14.254803,1.320337,0.750000,0.233445,0.000000,0.000000,0.972370,1.979655,0.016714,38.300000,0.381519,-0.595351,0.381519,0.595351,0.000
160,5.279166,2.139996,-2.200000,0.750000,1.000000,0.000000,0.000000,0.000000,0.939586,2.200000,0.750000,0.000000,0.000000,0.000000,1.000000,-14.379543,1.383896,0.750000,0.233445,0.000000,0.000000,0.972370,2.139653,0.016055,38.300000,0.386500,-0.592130,0.386500,0.592130,4.167
161,5.312499,2.299996,-2.200000,0.750000,1.000000,0.000000,0.000000,0.000000,0.822920,2.200000,0.750000,0.000000,0.000000,0.000000,1.000000,-14.504284,1.447455,0.750000,0.233445,0.000000,0.000000,0.972370,2.299651,0.015351,38.300000,0.391775,-0.588653,0.391775,0.588653,4.167
162,5.345832,2.459996,-2.200000,0.750000,1.000000,0.000000,0.000000,0.000000,0.706253,2.200000,0.750000,0.000000,0.000000,0.000000,1.000000,-14.629025,1.511013,0.750000,0.233445,0.000000,0.000000,0.972370,2.459649,0.014605,38.300000,0.397325,-0.584921,0.397325,0.584921,0.000
163,5.379166,2.619996,-2.200000,0.750000,1.000000,0.000000,0.000000,0.000000,0.589586,2.200000,0.750000,0.000000,0.000000,0.000000,1.000000,-14.753766,1.574572,0.750000,0.233445,0.000000,0.000000,0.972370,2.619647,0.013816,38.300000,0.403143,-0.580927,0.403143,0.580927,4.167
164,5.412499,2.779996,-2.200000,0.750000,1.000000,0.000000,0.000000,0.000000,0.472920,2.200000,0.750000,0.000000,0.000000,0.000000,1.000000,-14.878507,1.638131,0.750000,0.233445,0.000000,0.000000,0.972370,2.779644,0.012990,38.300000,0.409192,-0.576682,0.409192,0.576682,4.167
165,5.445832,2.939996,-2.200000,0.750000,1.000000,0.000000,0.000000,0.000000,0.356253,2.200000,0.750000,0.000000,0.000000,0.000000,1.000000,-15.003248,1.701689,0.750000,0.233445,0.000000,0.000000,0.972370,2.939642,0.012127,38.300000,0.415449,-0.572190,0.415449,0.572190,0.000
166,5.479166,3.099996,-2.200000,0.750000,1.000000,0.000000,0.000000,0.000000,0.239586,2.200000,0.750000,0.000000,0.000000,0.000000,1.000000,-15.127989,1.765248,0.750000,0.233445,0.000000,0.000000,0.972370,3.099639,0.011229,38.300000,0.421904,-0.567448,0.421904,0.567448,4.167
167,5.512499,3.259996,-2.200000,0.750000,1.000000,0.000000,0.000000,0.000000,0.122920,2.200000,0.750000,0.000000,0.000000,0.000000,1.000000,-15.252730,1.828807,0.750000,0.233445,0.000000,0.000000,0.972370,3.259636,0.010300,38.300000,0.428519,-0.562469,0.428519,0.562469,4.167
168,5.545832,3.419996,-2.200000,0.750000,1.000000,0.000000,0.000000,0.000000,0.006253,2.200000,0.750000,0.000000,0.000000,0.000000,1.000000,-15.377471,1.892365,0.750000,0.233445,0.000000,0.000000,0.972370,3.419632,0.009342,38.300000,0.435271,-0.557260,0.435271,0.557260,0.000
169,5.579166,3.579996,-2.200000,0.750000,1.000000,0.000000,0.000000,0.000000,-0.110413,2.200000,0.750000,0.000000,0.000000,0.000000,1.000000,-15.502212,1.955924,0.750000,0.233445,0.000000,0.000000,0.972370,3.579629,0.008356,38.300000,0.442145,-0.551822,0.442145,0.551822,4.167
170,5.612499,3.739996,-2.200000,0.750000,1.000000,0.000000,0.000000,0.000000,-0.227080,2.200000,0.750000,0.000000,0.000000,0.000000,1.000000,-15.626952,2.019483,0.750000,0.233445,0.000000,0.000000,0.972370,3.739625,0.007348,38.300000,0.449106,-0.546172,0.449106,0.546172,4.167
171,5.645832,3.899996,-2.200000,0.750000,1.000000,0.000000,0.000000,0.000000,-0.343747,2.200000,0.750000,0.000000,0.000000,0.000000,1.000000,-15.751693,2.083041,0.750000,0.233445,0.000000,0.000000,0.972370,3.899621,0.006318,38.300000,0.456130,-0.540320,0.456130,0.540320,0.000
172,5.674999,4.039996,-2.200000,0.750000,1.000000,0.000000,0.000000,0.000000,-0.445830,2.200000,0.750000,0.000000,0.000000,0.000000,1.000000,-15.860842,2.138655,0.750000,0.233445,0.000000,0.000000,0.972370,4.039616,0.005206,38.300000,0.462310,-0.535042,0.462310,0.535042,4.167
173,5.708332,4.199995,-2.200000,0.750000,1.000000,0.000000,0.000000,0.000000,-0.562497,2.200000,0.750000,0.000000,0.000000,0.000000,1.000000,-15.985582,2.202214,0.750000,0.233445,0.000000,0.000000,0.972370,4.199612,0.004145,38.300000,0.469392,-0.528840,0.469392,0.528840,0.000
174,5.741666,4.359995,-2.200000,0.750000,1.000000,0.000000,0.000000,0.000000,-0.679163,2.200000,0.750000,0.000000,0.000000,0.000000,1.000000,-16.110323,2.265772,0.750000,0.233445,0.000000,0.000000,0.972370,4.359607,0.003070,38.300000,0.476472,-0.522469,0.476472,0.522469,4.167
175,5.774999,4.519995,-2.200000,0.750000,1.000000,0.000000,0.000000,0.000000,-0.795830,2.200000,0.750000,0.000000,0.000000,0.000000,1.000000,-16.235064,2.329331,0.750000,0.233445,0.000000,0.000000,0.972370,4.519603,0.001985,38.300000,0.483524,-0.515950,0.483524,0.515950,4.167
176,5.808332,4.679995,-2.200000,0.750000,1.000000,0.000000,0.000000,0.000000,-0.912497,2.200000,0.750000,0.000000,0.000000,0.000000,1.000000,-16.359805,2.392890,0.750000,0.233445,0.000000,0.000000,0.972370,4.679599,0.000894,38.300000,0.490526,-0.509297,0.490526,0.509297,0.000
177,5.841666,4.839995,-2.200000,0.750000,1.000000,0.000000,0.000000,0.000000,-1.029163,2.200000,0.750000,0.000000,0.000000,0.000000,1.000000,-16.484546,2.456448,0.750000,0.233445,0.000000,0.000000,0.972370,4.839594,-0.000202,38.300000,0.497457,-0.502530,0.497457,0.502530,4.167
178,5.874999,4.999995,-2.200000,0.750000,1.000000,0.000000,0.000000,0.000000,-1.145830,2.200000,0.750000,0.000000,0.000000,0.000000,1.000000,-16.609287,2.520007,0.750000,0.233445,0.000000,0.000000,0.972370,4.999590,-0.001298,38.300000,0.504296,-0.495667,0.504296,0.495667,4.167
179,5.908332,5.159995,-2.200000,0.750000,1.000000,0.000000,0.000000,0.000000,-1.262497,2.200000,0.750000,0.000000,0.000000,0.000000,1.000000,-16.734028,2.583566,0.750000,0.233445,0.000000,0.000000,0.972370,5.159586,-0.002392,38.300000,0.511023,-0.488728,0.511023,0.488728,0.000
180,5.941666,5.319995,-2.200000,0.750000,1.000000,0.000000,0.000000,0.000000,-1.379163,2.200000,0.750000,0.000000,0.000000,0.000000,1.000000,-16.858769,2.647124,0.750000,0.233445,0.000000,0.000000,0.972370,5.319581,-0.003481,38.300000,0.517619,-0.481737,0.517619,0.481737,4.167
181,5.974999,5.479995,-2.200000,0.750000,1.000000,0.000000,0.000000,0.000000,-1.495830,2.200000,0.750000,0.000000,0.000000,0.000000,1.000000,-16.983510,2.710683,0.750000,0.233445,0.000000,0.000000,0.972370,5.479577,-0.004563,38.300000,0.524067,-0.474714,0.524067,0.474714,4.167
182,6.008332,5.639995,-2.200000,0.750000,1.000000,0.000000,0.000000,0.000000,-1.612497,2.200000,0.750000,0.000000,0.000000,0.000000,1.000000,-17.108251,2.774242,0.750000,0.233445,0.000000,0.000000,0.972370,5.639573,-0.005633,38.300000,0.530353,-0.467681,0.530353,0.467681,0.000
183,6.041666,5.799995,-2.200000,0.750000,1.000000,0.000000,0.000000,0.000000,-1.729163,2.200000,0.750000,0.000000,0.000000,0.000000,1.000000,-17.232991,2.837800,0.750000,0.233445,0.000000,0.000000,0.972370,5.799569,-0.006689,38.300000,0.536458,-0.460666,0.536458,0.460666,4.167
184,6.070832,5.939995,-2.200000,0.750000,1.000000,0.000000,0.000000,0.000000,-1.831247,2.200000,0.750000,0.000000,0.000000,0.000000,1.000000,-17.342140,2.893414,0.750000,0.233445,0.000000,0.000000,0.972370,5.939565,-0.007600,38.300000,0.541644,-0.454556,0.541644,0.454556,0.000
185,6.104166,6.099995,-2.200000,0.750000,1.000000,0.000000,0.000000,0.000000,-1.947913,2.200000,0.750000,0.000000,0.000000,0.000000,1.000000,-17.466881,2.956973,0.750000,0.233445,0.000000,0.000000,0.972370,6.099561,-0.008622,38.300000,0.547377,-0.447636,0.547377,0.447636,4.167
186,6.137499,6.259995,-2.200000,0.750000,1.000000,0.000000,0.000000,0.000000,-2.064580,2.200000,0.750000,0.000000,0.000000,0.000000,1.000000,-17.591621,3.020532,0.750000,0.233445,0.000000,0.000000,0.972370,6.259558,-0.009622,38.300000,0.552898,-0.440799,0.552898,0.440799,4.167
187,6.170832,6.419995,-2.200000,0.750000,1.000000,0.000000,0.000000,0.000000,-2.181246,2.200000,0.750000,0.000000,0.000000,0.000000,1.000000,-17.716362,3.084090,0.750000,0.233445,0.000000,0.000000,0.972370,6.419553,-0.010783,38.300000,0.558204,-0.434061,0.558204,0.434061,0.000
188,6.204166,6.579995,-2.200000,0.750000,1.000000,0.000000,0.000000,0.000000,-2.297913,2.200000,0.750000,0.000000,0.000000,0.000000,1.000000,-17.841103,3.147649,0.750000,0.233445,0.000000,0.000000,0.972370,6.579549,-0.011730,38.300000,0.563265,-0.427472,0.563265,0.427472,4.167
189,6.237499,6.739995,-2.200000,0.750000,1.000000,0.000000,0.000000,0.000000,-2.414580,2.200000,0.750000,0.000000,0.000000,0.000000,1.000000,-17.965844,3.211208,0.750000,0.233445,0.000000,0.000000,0.972370,6.739546,-0.012647,38.300000,0.568089,-0.421040,0.568089,0.421040,4.167
190,6.270832,6.899995,-2.200000,0.750000,1.000000,0.000000,0.000000,0.000000,-2.531246,2.200000,0.750000,0.000000,0.000000,0.000000,1.000000,-18.090585,3.274766,0.750000,0.233445,0.000000,0.000000,0.972370,6.899543,-0.013533,38.300000,0.572670,-0.414788,0.572670,0.414788,0.000
191,6.304166,7.059995,-2.200000,0.750000,1.000000,0.000000,0.000000,0.000000,-2.647913,2.200000,0.750000,0.000000,0.000000,0.000000,1.000000,-18.215326,3.338325,0.750000,0.233445,0.000000,0.000000,0.972370,7.059541,-0.014382,38.300000,0.576995,-0.408751,0.576995,0.408751,4.167
192,6.337499,7.219995,-2.200000,0.750000,1.000000,0.000000,0.000000,0.000000,-2.764580,2.200000,0.750000,0.000000,0.000000,0.000000,1.000000,-18.340067,3.401883,0.750000,0.233445,0.000000,0.000000,0.972370,7.219538,-0.015194,38.300000,0.581067,-0.402941,0.581067,0.402941,4.167
193,6.370832,7.379995,-2.200000,0.750000,1.000000,0.000000,0.000000,0.000000,-2.881246,2.200000,0.750000,0.000000,0.000000,0.000000,1.000000,-18.464808,3.465442,0.750000,0.233445,0.000000,0.000000,0.972370,7.379536,-0.015968,38.300000,0.584884,-0.397380,0.584884,0.397380,0.000
194,6.404166,7.539995,-2.200000,0.750000,1.000000,0.000000,0.000000,0.000000,-2.997913,2.200000,0.750000,0.000000,0.000000,0.000000,1.000000,-18.589549,3.529001,0.750000,0.233445,0.000000,0.000000,0.972370,7.539534,-0.016698,38.300000,0.588435,-0.392103,0.588435,0.392103,4.167
195,6.437499,7.699995,-2.200000,0.750000,1.000000,0.000000,0.000000,0.000000,-3.114580,2.200000,0.750000,0.000000,0.000000,0.000000,1.000000,-18.714290,3.592559,0.750000,0.233445,0.000000,0.000000,0.972370,7.699532,-0.017385,38.300000,0.591727,-0.387117,0.591727,0.387117,4.167
196,6.470832,7.859995,-2.200000,0.750000,1.000000,0.000000,0.000000,0.000000,-3.231246,2.200000,0.750000,0.000000,0.000000,0.000000,1.000000,-18.839030,3.656118,0.750000,0.233445,0.000000,0.000000,0.972370,7.859531,-0.018028,38.300000,0.594760,-0.382441,0.594760,0.382441,0.000
197,6.499999,7.999995,-2.200000,0.750000,1.000000,0.000000,0.000000,0.000000,-3.333330,2.200000,0.750000,0.000000,0.000000,0.000000,1.000000,-18.948179,3.711732,0.750000,0.233445,0.000000,0.000000,0.972370,7.999530,-0.018549,38.300000,0.597191,-0.378632,0.597191,0.378632,4.167
198,6.533332,8.159995,-2.200000,0.750000,1.000000,0.000000,0.000000,0.000000,-3.449996,2.200000,0.750000,0.000000,0.000000,0.000000,1.000000,-19.072920,3.775291,0.750000,0.233445,0.000000,0.000000,0.972370,8.159529,-0.019101,38.300000,0.599732,-0.374595,0.599732,0.374595,0.000
199,6.566666,8.319995,-2.200000,0.750000,1.000000,0.000000,0.000000,0.000000,-3.566663,2.200000,0.750000,0.000000,0.000000,0.000000,1.000000,-19.197660,3.838849,0.750000,0.233445,0.000000,0.000000,0.972370,8.319528,-0.019602,38.300000,0.602003,-0.370935,0.602003,0.370935,4.167
200,6.599999,8.479995,-2.200000,0.750000,1.000000,0.000000,0.000000,0.000000,-3.683330,2.200000,0.750000,0.000000,0.000000,0.000000,1.000000,-19.322401,3.902408,0.750000,0.233445,0.000000,0.000000,0.972370,8.479527,-0.020051,38.300000,0.604016,-0.367648,0.604016,0.367648,4.167
201,6.633332,8.639995,-2.200000,0.750000,1.000000,0.000000,0.000000,0.000000,-3.799996,2.200000,0.750000,0.000000,0.000000,0.000000,1.000000,-19.447142,3.965967,0.750000,0.233445,0.000000,0.000000,0.972370,8.639526,-0.020448,38.300000,0.605772,-0.364746,0.605772,0.364746,0.000
202,6.666666,8.799995,-2.200000,0.750000,1.000000,0.000000,0.000000,0.000000,-3.916663,2.200000,0.750000,0.000000,0.000000,0.000000,1.000000,-19.571883,4.029525,0.750000,0.233445,0.000000,0.000000,0.972370,8.799526,-0.020789,38.300000,0.607261,-0.362262,0.607261,0.362262,4.167
203,6.699999,8.959995,-2.200000,0.750000,1.000000,0.000000,0.000000,0.000000,-4.033329,2.200000,0.750000,0.000000,0.000000,0.000000,1.000000,-19.696624,4.093084,0.750000,0.233445,0.000000,0.000000,0.972370,8.959525,-0.021077,38.300000,0.608496,-0.360185,0.608496,0.360185,4.167
204,6.733332,9.119995,-2.200000,0.750000,1.000000,0.000000,0.000000,0.000000,-4.149996,2.200000,0.750000,0.000000,0.000000,0.000000,1.000000,-19.821365,4.156643,0.750000,0.233445,0.000000,0.000000,0.972370,9.119525,-0.021309,38.300000,0.609476,-0.358523,0.609476,0.358523,0.000
205,6.766666,9.279995,-2.200000,0.750000,1.000000,0.000000,0.000000,0.000000,-4.266663,2.200000,0.750000,0.000000,0.000000,0.000000,1.000000,-19.946106,4.220201,0.750000,0.233445,0.000000,0.000000,0.972370,9.279525,-0.021483,38.300000,0.610192,-0.357303,0.610192,0.357303,4.167
206,6.799999,9.439995,-2.200000,0.750000,1.000000,0.000000,0.000000,0.000000,-4.383329,2.200000,0.750000,0.000000,0.000000,0.000000,1.000000,-20.070847,4.283760,0.750000,0.233445,0.000000,0.000000,0.972370,9.439525,-0.021601,38.300000,0.610656,-0.356511,0.610656,0.356511,4.167
207,6.833332,9.599995,-2.200000,0.750000,1.000000,0.000000,0.000000,0.000000,-4.499996,2.200000,0.750000,0.000000,0.000000,0.000000,1.000000,-20.195588,4.347319,0.750000,0.233445,0.000000,0.000000,0.972370,9.599525,-0.021663,38.300000,0.610867,-0.356148,0.610867,0.356148,0.000
208,6.866666,9.759995,-2.200000,0.750000,1.000000,0.000000,0.000000,0.000000,-4.616663,2.200000,0.750000,0.000000,0.000000,0.000000,1.000000,-20.320329,4.410877,0.750000,0.233445,0.000000,0.000000,0.972370,9.759525,-0.021666,38.300000,0.610815,-0.356237,0.610815,0.356237,4.167
209,6.895832,9.899995,-2.200000,0.750000,1.000000,0.000000,0.000000,0.000000,-4.718746,2.200000,0.750000,0.000000,0.000000,0.000000,1.000000,-20.429477,4.466491,0.750000,0.233445,0.000000,0.000000,0.972370,9.899525,-0.021623,38.300000,0.610568,-0.356661,0.610568,0.356661,0.000
210,6.929166,10.059995,-2.200000,0.750000,1.000000,0.000000,0.000000,0.000000,-4.835413,2.200000,0.750000,0.000000,0.000000,0.000000,1.000000,-20.554218,4.530050,0.750000,0.233445,0.000000,0.000000,0.972370,10.059525,-0.021518,38.300000,0.610036,-0.357569,0.610036,0.357569,4.167
211,6.962499,10.219995,-2.200000,0.750000,1.000000,0.000000,0.000000,0.000000,-4.952079,2.200000,0.750000,0.000000,0.000000,0.000000,1.000000,-20.678959,4.593608,0.750000,0.233445,0.000000,0.000000,0.972370,10.219525,-0.021357,38.300000,0.609252,-0.358903,0.609252,0.358903,4.167
212,6.995832,10.379994,-2.200000,0.750000,1.000000,0.000000,0.000000,0.000000,-5.068746,2.200000,0.750000,0.000000,0.000000,0.000000,1.000000,-20.803699,4.657167,0.750000,0.233445,0.000000,0.000000,0.972370,10.379525,-0.021141,38.300000,0.608215,-0.360658,0.608215,0.360658,0.000
213,7.029166,10.539994,-2.200000,0.750000,1.000000,0.000000,0.000000,0.000000,-5.185413,2.200000,0.750000,0.000000,0.000000,0.000000,1.000000,-20.928440,4.720726,0.750000,0.233445,0.000000,0.000000,0.972370,10.539524,-0.020866,38.300000,0.606912,-0.362846,0.606912,0.362846,4.167
214,7.062499,10.699994,-2.200000,0.750000,1.000000,0.000000,0.000000,0.000000,-5.302079,2.200000,0.750000,0.000000,0.000000,0.000000,1.000000,-21.053181,4.784284,0.750000,0.233445,0.000000,0.000000,0.972370,10.699524,-0.020538,38.300000,0.605355,-0.365439,0.605355,0.365439,4.167
215,7.095832,10.859994,-2.200000,0.750000,1.000000,0.000000,0.000000,0.000000,-5.418746,2.200000,0.750000,0.000000,0.000000,0.000000,1.000000,-21.177922,4.847843,0.750000,0.233445,0.000000,0.000000,0.972370,10.859523,-0.020156,38.300000,0.603541,-0.368427,0.603541,0.368427,0.000
216,7.129166,11.019994,-2.200000,0.750000,1.000000,0.000000,0.000000,0.000000,-5.535413,2.200000,0.750000,0.000000,0.000000,0.000000,1.000000,-21.302663,4.911402,0.750000,0.233445,0.000000,0.000000,0.972370,11.019523,-0.019719,38.300000,0.601459,-0.371816,0.601459,0.371816,4.167
217,7.162499,11.179994,-2.200000,0.750000,1.000000,0.000000,0.000000,0.000000,-5.652079,2.200000,0.750000,0.000000,0.000000,0.000000,1.000000,-21.427404,4.974960,0.750000,0.233445,0.000000,0.000000,0.972370,11.179522,-0.019231,38.300000,0.599119,-0.375575,0.599119,0.375575,4.167
218,7.195832,11.339994,-2.200000,0.750000,1.000000,0.000000,0.000000,0.000000,-5.768746,2.200000,0.750000,0.000000,0.000000,0.000000,1.000000,-21.552145,5.038519,0.750000,0.233445,0.000000,0.000000,0.972370,11.339521,-0.018693,38.300000,0.596520,-0.379689,0.596520,0.379689,0.000
219,7.229166,11.499994,-2.200000,0.750000,1.000000,0.000000,0.000000,0.000000,-5.885413,2.200000,0.750000,0.000000,0.000000,0.000000,1.000000,-21.676886,5.102078,0.750000,0.233445,0.000000,0.000000,0.972370,11.499519,-0.018104,38.300000,0.593651,-0.384159,0.593651,0.384159,4.167
220,7.262499,11.659994,-2.200000,0.750000,1.000000,0.000000,0.000000,0.000000,-6.002079,2.200000,0.750000,0.000000,0.000000,0.000000,1.000000,-21.801627,5.165636,0.750000,0.233445,0.000000,0.000000,0.972370,11.659518,-0.017468,38.300000,0.590523,-0.388951,0.590523,0.388951,4.167
221,7.295832,11.819994,-2.200000,0.750000,1.000000,0.000000,0.000000,0.000000,-6.118746,2.200000,0.750000,0.000000,0.000000,0.000000,1.000000,-21.926368,5.229195,0.750000,0.233445,0.000000,0.000000,0.972370,11.819516,-0.016787,38.300000,0.587136,-0.394045,0.587136,0.394045,0.000
222,7.324999,11.959994,-2.200000,0.750000,1.000000,0.000000,0.000000,0.000000,-6.220829,2.200000,0.750000,0.000000,0.000000,0.000000,1.000000,-22.035516,5.284809,0.750000,0.233445,0.000000,0.000000,0.972370,11.959514,-0.016154,38.300000,0.583952,-0.398748,0.583952,0.398748,4.167
223,7.358332,12.119994,-2.200000,0.750000,1.000000,0.000000,0.000000,0.000000,-6.337496,2.200000,0.750000,0.000000,0.000000,0.000000,1.000000,-22.160257,5.348367,0.750000,0.233445,0.000000,0.000000,0.972370,12.119512,-0.015392,38.300000,0.580076,-0.404366,0.580076,0.404366,0.000
224,7.391665,12.279994,-2.200000,0.750000,1.000000,0.000000,0.000000,0.000000,-6.454162,2.200000,0.750000,0.000000,0.000000,0.000000,1.000000,-22.284998,5.411926,0.750000,0.233445,0.000000,0.000000,0.972370,12.279510,-0.014589,38.300000,0.575937,-0.410240,0.575937,0.410240,4.167
225,7.424999,12.439994,-2.200000,0.750000,1.000000,0.000000,0.000000,0.000000,-6.570829,2.200000,0.750000,0.000000,0.000000,0.000000,1.000000,-22.409738,5.475485,0.750000,0.233445,0.000000,0.000000,0.972370,12.439507,-0.013748,38.300000,0.571547,-0.416335,0.571547,0.416335,4.167
226,7.458332,12.599994,-2.200000,0.750000,1.000000,0.000000,0.000000,0.000000,-6.687496,2.200000,0.750000,0.000000,0.000000,0.000000,1.000000,-22.534479,5.539043,0.750000,0.233445,0.000000,0.000000,0.972370,12.599504,-0.012872,38.300000,0.566909,-0.422628,0.566909,0.422628,0.000
227,7.491665,12.759994,-2.200000,0.750000,1.000000,0.000000,0.000000,0.000000,-6.804162,2.200000,0.750000,0.000000,0.000000,0.000000,1.000000,-22.659220,5.602602,0.750000,0.233445,0.000000,0.000000,0.972370,12.759501,-0.011962,38.300000,0.562022,-0.429106,0.562022,0.429106,4.167
228,7.524999,12.919994,-2.200000,0.750000,1.000000,0.000000,0.000000,0.000000,-6.920829,2.200000,0.750000,0.000000,0.000000,0.000000,1.000000,-22.783961,5.666161,0.750000,0.233445,0.000000,0.000000,0.972370,12.919498,-0.011022,38.300000,0.556899,-0.435733,0.556899,0.435733,4.167
229,7.558332,13.079994,-2.200000,0.750000,1.000000,0.000000,0.000000,0.000000,-7.037496,2.200000,0.750000,0.000000,0.000000,0.000000,1.000000,-22.908702,5.729719,0.750000,0.233445,0.000000,0.000000,0.972370,13.079495,-0.010054,38.300000,0.551548,-0.442487,0.551548,0.442487,0.000
230,7.591665,13.239994,-2.200000,0.750000,1.000000,0.000000,0.000000,0.000000,-7.154162,2.200000,0.750000,0.000000,0.000000,0.000000,1.000000,-23.033443,5.793278,0.750000,0.233445,0.000000,0.000000,0.972370,13.239491,-0.009059,38.300000,0.545971,-0.449351,0.545971,0.449351,4.167
231,7.624999,13.399994,-2.200000,0.750000,1.000000,0.000000,0.000000,0.000000,-7.270829,2.200000,0.750000,0.000000,0.000000,0.000000,1.000000,-23.158184,5.856837,0.750000,0.233445,0.000000,0.000000,0.972370,13.399487,-0.008042,38.300000,0.540184,-0.456291,0.540184,0.456291,4.167
232,7.658332,13.559994,-2.200000,0.750000,1.000000,0.000000,0.000000,0.000000,-7.387496,2.200000,0.750000,0.000000,0.000000,0.000000,1.000000,-23.282925,5.920395,0.750000,0.233445,0.000000,0.000000,0.972370,13.559483,-0.007005,38.300000,0.534199,-0.463283,0.534199,0.463283,0.000
233,7.691665,13.719994,-2.200000,0.750000,1.000000,0.000000,0.000000,0.000000,-7.504162,2.200000,0.750000,0.000000,0.000000,0.000000,1.000000,-23.407666,5.983954,0.750000,0.233445,0.000000,0.000000,0.972370,13.719479,-0.005951,38.300000,0.528023,-0.470310,0.528023,0.470310,4.167
234,7.720832,13.859994,-2.200000,0.750000,1.000000,0.000000,0.000000,0.000000,-7.606246,2.200000,0.750000,0.000000,0.000000,0.000000,1.000000,-23.516814,6.039568,0.750000,0.233445,0.000000,0.000000,0.972370,13.859476,-0.005017,38.300000,0.522479,-0.476462,0.522479,0.476462,0.000
235,7.754165,14.019994,-2.200000,0.750000,1.000000,0.000000,0.000000,0.000000,-7.722912,2.200000,0.750000,0.000000,0.000000,0.000000,1.000000,-23.641555,6.103127,0.750000,0.233445,0.000000,0.000000,0.972370,14.019471,-0.003938,38.300000,0.515991,-0.483480,0.515991,0.483480,4.167
236,7.787499,14.179994,-2.200000,0.750000,1.000000,0.000000,0.000000,0.000000,-7.839579,2.200000,0.750000,0.000000,0.000000,0.000000,1.000000,-23.766296,6.166685,0.750000,0.233445,0.000000,0.000000,0.972370,14.179467,-0.002850,38.300000,0.509361,-0.490461,0.509361,0.490461,4.167
237,7.820832,14.339994,-2.200000,0.750000,1.000000,0.000000,0.000000,0.000000,-7.956246,2.200000,0.750000,0.000000,0.000000,0.000000,1.000000,-23.891037,6.230244,0.750000,0.233445,0.000000,0.000000,0.972370,14.339463,-0.001757,38.300000,0.502605,-0.497382,0.502605,0.497382,0.000
238,7.854165,14.499994,-2.200000,0.750000,1.000000,0.000000,0.000000,0.000000,-8.072912,2.200000,0.750000,0.000000,0.000000,0.000000,1.000000,-24.015777,6.293803,0.750000,0.233445,0.000000,0.000000,0.972370,14.499458,-0.000661,38.300000,0.495741,-0.504223,0.495741,0.504223,4.167
239,7.887499,14.659994,-2.200000,0.750000,1.000000,0.000000,0.000000,0.000000,-8.189579,2.200000,0.750000,0.000000,0.000000,0.000000,1.000000,-24.140518,6.357361,0.750000,0.233445,0.000000,0.000000,0.972370,14.659454,0.000435,38.300000,0.488790,-0.510964,0.488790,0.510964,4.167
240,7.920832,14.819994,-2.200000,0.750000,1.000000,0.000000,0.000000,0.000000,-8.306245,2.200000,0.750000,0.000000,0.000000,0.000000,1.000000,-24.265259,6.420920,0.750000,0.233445,0.000000,0.000000,0.972370,14.819449,0.001528,38.300000,0.481773,-0.517585,0.481773,0.517585,0.000
241,7.954165,14.979994,-2.200000,0.750000,1.000000,0.000000,0.000000,0.000000,-8.422912,2.200000,0.750000,0.000000,0.000000,0.000000,1.000000,-24.390000,6.484478,0.750000,0.233445,0.000000,0.000000,0.972370,14.979445,0.002614,38.300000,0.474713,-0.524068,0.474713,0.524068,4.167
242,7.987499,15.139994,-2.200000,0.750000,1.000000,0.000000,0.000000,0.000000,-8.539579,2.200000,0.750000,0.000000,0.000000,0.000000,1.000000,-24.514741,6.548037,0.750000,0.233445,0.000000,0.000000,0.972370,15.139441,0.003692,38.300000,0.467630,-0.530398,0.467630,0.530398,4.167
243,8.020832,15.299994,-2.200000,0.750000,1.000000,0.000000,0.000000,0.000000,-8.656245,2.200000,0.750000,0.000000,0.000000,0.000000,1.000000,-24.639482,6.611596,0.750000,0.233445,0.000000,0.000000,0.972370,15.299437,0.004757,38.300000,0.460548,-0.536559,0.460548,0.536559,0.000
244,8.054165,15.459994,-2.200000,0.750000,1.000000,0.000000,0.000000,0.000000,-8.772912,2.200000,0.750000,0.000000,0.000000,0.000000,1.000000,-24.764223,6.675154,0.750000,0.233445,0.000000,0.000000,0.972370,15.459433,0.005807,38.300000,0.453495,-0.542533,0.453495,0.542533,4.167
245,8.087499,15.619994,-2.200000,0.750000,1.000000,0.000000,0.000000,0.000000,-8.889579,2.200000,0.750000,0.000000,0.000000,0.000000,1.000000,-24.888964,6.738713,0.750000,0.233445,0.000000,0.000000,0.972370,15.619429,0.006839,38.300000,0.446490,-0.548313,0.446490,0.548313,4.167
246,8.120832,15.779994,-2.200000,0.750000,1.000000,0.000000,0.000000,0.000000,-9.006245,2.200000,0.750000,0.000000,0.000000,0.000000,1.000000,-25.013705,6.802272,0.750000,0.233445,0.000000,0.000000,0.972370,15.779425,0.007851,38.300000,0.439558,-0.553886,0.439558,0.553886,0.000
247,8.149999,15.919994,-2.200000,0.750000,1.000000,0.000000,0.000000,0.000000,-9.108329,2.200000,0.750000,0.000000,0.000000,0.000000,1.000000,-25.122853,6.857886,0.750000,0.233445,0.000000,0.000000,0.972370,15.919422,0.008717,38.300000,0.433577,-0.558579,0.433577,0.558579,4.167
248,8.183332,16.079994,-2.200000,0.750000,1.000000,0.000000,0.000000,0.000000,-9.224995,2.200000,0.750000,0.000000,0.000000,0.000000,1.000000,-25.247594,6.921444,0.750000,0.233445,0.000000,0.000000,0.972370,16.079418,0.009683,38.300000,0.426852,-0.563735,0.426852,0.563735,0.000
249,8.216665,16.239994,-2.200000,0.750000,1.000000,0.000000,0.000000,0.000000,-9.341662,2.200000,0.750000,0.000000,0.000000,0.000000,1.000000,-25.372335,6.985003,0.750000,0.233445,0.000000,0.000000,0.972370,16.239415,0.010619,38.300000,0.420279,-0.568653,0.420279,0.568653,4.167
250,8.249999,16.399994,-2.200000,0.750000,1.000000,0.000000,0.000000,0.000000,-9.458329,2.200000,0.750000,0.000000,0.000000,0.000000,1.000000,-25.497076,7.048562,0.750000,0.233445,0.000000,0.000000,0.972370,16.399412,0.011524,38.300000,0.413873,-0.573332,0.413873,0.573332,4.167
251,8.283332,16.559994,-2.200000,0.750000,1.000000,0.000000,0.000000,0.000000,-9.574995,2.200000,0.750000,0.000000,0.000000,0.000000,1.000000,-25.621816,7.112120,0.750000,0.233445,0.000000,0.000000,0.972370,16.559409,0.012397,38.300000,0.407658,-0.577767,0.407658,0.577767,0.000
252,8.316665,16.719993,-2.200000,0.750000,1.000000,0.000000,0.000000,0.000000,-9.691662,2.200000,0.750000,0.000000,0.000000,0.000000,1.000000,-25.746557,7.175679,0.750000,0.233445,0.000000,0.000000,0.972370,16.719407,0.013232,38.300000,0.401670,-0.581946,0.401670,0.581946,4.167
253,8.349999,16.879993,-2.200000,0.750000,1.000000,0.000000,0.000000,0.000000,-9.808329,2.200000,0.750000,0.000000,0.000000,0.000000,1.000000,-25.871298,7.239238,0.750000,0.233445,0.000000,0.000000,0.972370,16.879404,0.014030,38.300000,0.395920,-0.585873,0.395920,0.585873,4.167
254,8.383332,17.039993,-2.200000,0.750000,1.000000,0.000000,0.000000,0.000000,-9.924995,2.200000,0.750000,0.000000,0.000000,0.000000,1.000000,-25.996039,7.302796,0.750000,0.233445,0.000000,0.000000,0.972370,17.039402,0.014788,38.300000,0.390428,-0.589547,0.390428,0.589547,0.000
255,8.416665,17.199993,-2.200000,0.750000,1.000000,0.000000,0.000000,0.000000,-10.041662,2.200000,0.750000,0.000000,0.000000,0.000000,1.000000,-26.120780,7.366355,0.750000,0.233445,0.000000,0.000000,0.972370,17.199400,0.015502,38.300000,0.385231,-0.592956,0.385231,0.592956,4.167
256,8.449999,17.359993,-2.200000,0.750000,1.000000,0.000000,0.000000,0.000000,-10.158329,2.200000,0.750000,0.000000,0.000000,0.000000,1.000000,-26.245521,7.429914,0.750000,0.233445,0.000000,0.000000,0.972370,17.359399,0.016173,38.300000,0.380334,-0.596109,0.380334,0.596109,4.167
257,8.483332,17.519993,-2.200000,0.750000,1.000000,0.000000,0.000000,0.000000,-10.274995,2.200000,0.750000,0.000000,0.000000,0.000000,1.000000,-26.370262,7.493472,0.750000,0.233445,0.000000,0.000000,0.972370,17.519397,0.016797,38.300000,0.375756,-0.599005,0.375756,0.599005,0.000
258,8.516665,17.679993,-2.200000,0.750000,1.000000,0.000000,0.000000,0.000000,-10.391662,2.200000,0.750000,0.000000,0.000000,0.000000,1.000000,-26.495003,7.557031,0.750000,0.233445,0.000000,0.000000,0.972370,17.679396,0.017372,38.300000,0.371532,-0.601634,0.371532,0.601634,4.167
259,8.545832,17.819993,-2.200000,0.750000,1.000000,0.000000,0.000000,0.000000,-10.493745,2.200000,0.750000,0.000000,0.000000,0.000000,1.000000,-26.604151,7.612645,0.750000,0.233445,0.000000,0.000000,0.972370,17.819395,0.017836,38.300000,0.368119,-0.603729,0.368119,0.603729,0.000
260,8.579165,17.979993,-2.200000,0.750000,1.000000,0.000000,0.000000,0.000000,-10.610412,2.200000,0.750000,0.000000,0.000000,0.000000,1.000000,-26.728892,7.676203,0.750000,0.233445,0.000000,0.000000,0.972370,17.979394,0.018317,38.300000,0.364581,-0.605872,0.364581,0.605872,4.167
261,8.612499,18.139993,-2.200000,0.750000,1.000000,0.000000,0.000000,0.000000,-10.727078,2.200000,0.750000,0.000000,0.000000,0.000000,1.000000,-26.853633,7.739762,0.750000,0.233445,0.000000,0.000000,0.972370,18.139394,0.018747,38.300000,0.361424,-0.607761,0.361424,0.607761,4.167
262,8.645832,18.299993,-2.200000,0.750000,1.000000,0.000000,0.000000,0.000000,-10.843745,2.200000,0.750000,0.000000,0.000000,0.000000,1.000000,-26.978374,7.803321,0.750000,0.233445,0.000000,0.000000,0.972370,18.299393,0.019124,38.300000,0.358659,-0.609396,0.358659,0.609396,0.000
263,8.679165,18.459993,-2.200000,0.750000,1.000000,0.000000,0.000000,0.000000,-10.960412,2.200000,0.750000,0.000000,0.000000,0.000000,1.000000,-27.103115,7.866879,0.750000,0.233445,0.000000,0.000000,0.972370,18.459393,0.019445,38.300000,0.356317,-0.610769,0.356317,0.610769,4.167
264,8.712499,18.619993,-2.200000,0.750000,1.000000,0.000000,0.000000,0.000000,-11.077078,2.200000,0.750000,0.000000,0.000000,0.000000,1.000000,-27.227855,7.930438,0.750000,0.233445,0.000000,0.000000,0.972370,18.619392,0.019711,38.300000,0.354387,-0.611890,0.354387,0.611890,4.167
265,8.745832,18.779993,-2.200000,0.750000,1.000000,0.000000,0.000000,0.000000,-11.193745,2.200000,0.750000,0.000000,0.000000,0.000000,1.000000,-27.352596,7.993997,0.750000,0.233445,0.000000,0.000000,0.972370,18.779392,0.019966,38.300000,0.352858,-0.612773,0.352858,0.612773,0.000
266,8.779165,18.939993,-2.200000,0.750000,1.000000,0.000000,0.000000,0.000000,-11.310412,2.200000,0.750000,0.000000,0.000000,0.000000,1.000000,-27.477337,8.057555,0.750000,0.233445,0.000000,0.000000,0.972370,18.939392,0.020119,38.300000,0.351795,-0.613384,0.351795,0.613384,4.167
267,8.812499,19.099993,-2.200000,0.750000,1.000000,0.000000,0.000000,0.000000,-11.427078,2.200000,0.750000,0.000000,0.000000,0.000000,1.000000,-27.602078,8.121114,0.750000,0.233445,0.000000,0.000000,0.972370,19.099392,0.020216,38.300000,0.351163,-0.613746,0.351163,0.613746,4.167
268,8.845832,19.259993,-2.200000,0.750000,1.000000,0.000000,0.000000,0.000000,-11.543745,2.200000,0.750000,0.000000,0.000000,0.000000,1.000000,-27.726819,8.184673,0.750000,0.233445,0.000000,0.000000,0.972370,19.259392,0.020256,38.300000,0.350963,-0.613860,0.350963,0.613860,0.000
269,8.879165,19.419993,-2.200000,0.750000,1.000000,0.000000,0.000000,0.000000,-11.660412,2.200000,0.750000,0.000000,0.000000,0.000000,1.000000,-27.851560,8.248231,0.750000,0.233445,0.000000,0.000000,0.972370,19.419392,0.020238,38.300000,0.351218,-0.613715,0.351218,0.613715,4.167
270,8.912499,19.579993,-2.200000,0.750000,1.000000,0.000000,0.000000,0.000000,-11.777078,2.200000,0.750000,0.000000,0.000000,0.000000,1.000000,-27.976301,8.311790,0.750000,0.233445,0.000000,0.000000,0.972370,19.579392,0.020162,38.300000,0.351905,-0.613321,0.351905,0.613321,4.167
271,8.945832,19.739993,-2.200000,0.750000,1.000000,0.000000,0.000000,0.000000,-11.893745,2.200000,0.750000,0.000000,0.000000,0.000000,1.000000,-28.101042,8.375349,0.750000,0.233445,0.000000,0.000000,0.972370,19.739392,0.020031,38.300000,0.353022,-0.612679,0.353022,0.612679,0.000
272,8.974999,19.879993,-2.200000,0.750000,1.000000,0.000000,0.000000,0.000000,-11.995828,2.200000,0.750000,0.000000,0.000000,0.000000,1.000000,-28.210190,8.430962,0.750000,0.233445,0.000000,0.000000,0.972370,19.879392,0.019867,38.300000,0.354367,-0.611902,0.354367,0.611902,4.167
273,9.008332,20.039993,-2.200000,0.750000,1.000000,0.000000,0.000000,0.000000,-12.112495,2.200000,0.750000,0.000000,0.000000,0.000000,1.000000,-28.334931,8.494521,0.750000,0.233445,0.000000,0.000000,0.972370,20.039391,0.019630,38.300000,0.356290,-0.610784,0.356290,0.610784,0.000
274,9.041665,20.199993,-2.200000,0.750000,1.000000,0.000000,0.000000,0.000000,-12.229162,2.200000,0.750000,0.000000,0.000000,0.000000,1.000000,-28.459672,8.558080,0.750000,0.233445,0.000000,0.000000,0.972370,20.199391,0.019335,38.300000,0.358645,-0.609405,0.358645,0.609405,4.167
275,9.074999,20.359993,-2.200000,0.750000,1.000000,0.000000,0.000000,0.000000,-12.345828,2.200000,0.750000,0.000000,0.000000,0.000000,1.000000,-28.584413,8.621638,0.750000,0.233445,0.000000,0.000000,0.972370,20.359390,0.018986,38.300000,0.361403,-0.607773,0.361403,0.607773,4.167
276,9.108332,20.519993,-2.200000,0.750000,1.000000,0.000000,0.000000,0.000000,-12.462495,2.200000,0.750000,0.000000,0.000000,0.000000,1.000000,-28.709154,8.685197,0.750000,0.233445,0.000000,0.000000,0.972370,20.519390,0.018584,38.300000,0.364555,-0.605888,0.364555,0.605888,0.000
277,9.141665,20.679993,-2.200000,0.750000,1.000000,0.000000,0.000000,0.000000,-12.579161,2.200000,0.750000,0.000000,0.000000,0.000000,1.000000,-28.833894,8.748756,0.750000,0.233445,0.000000,0.000000,0.972370,20.679389,0.018127,38.300000,0.368105,-0.603737,0.368105,0.603737,4.167
278,9.174999,20.839993,-2.200000,0.750000,1.000000,0.000000,0.000000,0.000000,-12.695828,2.200000,0.750000,0.000000,0.000000,0.000000,1.000000,-28.958635,8.812314,0.750000,0.233445,0.000000,0.000000,0.972370,20.839388,0.017620,38.300000,0.372021,-0.601332,0.372021,0.601332,4.167
279,9.208332,20.999993,-2.200000,0.750000,1.000000,0.000000,0.000000,0.000000,-12.812495,2.200000,0.750000,0.000000,0.000000,0.000000,1.000000,-29.083376,8.875873,0.750000,0.233445,0.000000,0.000000,0.972370,20.999387,0.017063,38.300000,0.376289,-0.598670,0.376289,0.598670,0.000
280,9.241665,21.159993,-2.200000,0.750000,1.000000,0.000000,0.000000,0.000000,-12.929161,2.200000,0.750000,0.000000,0.000000,0.000000,1.000000,-29.208117,8.939432,0.750000,0.233445,0.000000,0.000000,0.972370,21.159386,0.016456,38.300000,0.380909,-0.595742,0.380909,0.595742,4.167
281,9.274999,21.319993,-2.200000,0.750000,1.000000,0.000000,0.000000,0.000000,-13.045828,2.200000,0.750000,0.000000,0.000000,0.000000,1.000000,-29.332858,9.002990,0.750000,0.233445,0.000000,0.000000,0.972370,21.319384,0.015803,38.300000,0.385845,-0.592557,0.385845,0.592557,4.167
282,9.308332,21.479993,-2.200000,0.750000,1.000000,0.000000,0.000000,0.000000,-13.162495,2.200000,0.750000,0.000000,0.000000,0.000000,1.000000,-29.457599,9.066549,0.750000,0.233445,0.000000,0.000000,0.972370,21.479382,0.015105,38.300000,0.391079,-0.589116,0.391079,0.589116,0.000
283,9.341665,21.639993,-2.200000,0.750000,1.000000,0.000000,0.000000,0.000000,-13.279161,2.200000,0.750000,0.000000,0.000000,0.000000,1.000000,-29.582340,9.130108,0.750000,0.233445,0.000000,0.000000,0.972370,21.639380,0.014363,38.300000,0.396605,-0.585410,0.396605,0.585410,4.167
284,9.370832,21.779993,-2.200000,0.750000,1.000000,0.000000,0.000000,0.000000,-13.381245,2.200000,0.750000,0.000000,0.000000,0.000000,1.000000,-29.691488,9.185722,0.750000,0.233445,0.000000,0.000000,0.972370,21.779378,0.013681,38.300000,0.401646,-0.581962,0.401646,0.581962,0.000
285,9.404165,21.939993,-2.200000,0.750000,1.000000,0.000000,0.000000,0.000000,-13.497911,2.200000,0.750000,0.000000,0.000000,0.000000,1.000000,-29.816229,9.249280,0.750000,0.233445,0.000000,0.000000,0.972370,21.939376,0.012863,38.300000,0.407643,-0.577778,0.407643,0.577778,4.167
286,9.437498,22.099993,-2.200000,0.750000,1.000000,0.000000,0.000000,0.000000,-13.614578,2.200000,0.750000,0.000000,0.000000,0.000000,1.000000,-29.940970,9.312839,0.750000,0.233445,0.000000,0.000000,0.972370,22.099373,0.012009,38.300000,0.413854,-0.573346,0.413854,0.573346,4.167
287,9.470832,22.259993,-2.200000,0.750000,1.000000,0.000000,0.000000,0.000000,-13.731245,2.200000,0.750000,0.000000,0.000000,0.000000,1.000000,-30.065711,9.376398,0.750000,0.233445,0.000000,0.000000,0.972370,22.259370,0.011120,38.300000,0.420256,-0.568670,0.420256,0.568670,0.000
288,9.504165,22.419993,-2.200000,0.750000,1.000000,0.000000,0.000000,0.000000,-13.847911,2.200000,0.750000,0.000000,0.000000,0.000000,1.000000,-30.190452,9.439956,0.750000,0.233445,0.000000,0.000000,0.972370,22.419367,0.010198,38.300000,0.426836,-0.563748,0.426836,0.563748,4.167
289,9.537498,22.579993,-2.200000,0.750000,1.000000,0.000000,0.000000,0.000000,-13.964578,2.200000,0.750000,0.000000,0.000000,0.000000,1.000000,-30.315193,9.503515,0.750000,0.233445,0.000000,0.000000,0.972370,22.579364,0.009247,38.300000,0.433558,-0.558594,0.433558,0.558594,4.167
290,9.570832,22.739993,-2.200000,0.750000,1.000000,0.000000,0.000000,0.000000,-14.081245,2.200000,0.750000,0.000000,0.000000,0.000000,1.000000,-30.439933,9.567073,0.750000,0.233445,0.000000,0.000000,0.972370,22.739360,0.008269,38.300000,0.440400,-0.553216,0.440400,0.553216,0.000
291,9.604165,22.899992,-2.200000,0.750000,1.000000,0.000000,0.000000,0.000000,-14.197911,2.200000,0.750000,0.000000,0.000000,0.000000,1.000000,-30.564674,9.630632,0.750000,0.233445,0.000000,0.000000,0.972370,22.899357,0.007265,38.300000,0.447343,-0.547617,0.447343,0.547617,4.167
292,9.637498,23.059992,-2.200000,0.750000,1.000000,0.000000,0.000000,0.000000,-14.314578,2.200000,0.750000,0.000000,0.000000,0.000000,1.000000,-30.689415,9.694191,0.750000,0.233445,0.000000,0.000000,0.972370,23.059353,0.006241,38.300000,0.454356,-0.541812,0.454356,0.541812,4.167
293,9.670832,23.219992,-2.200000,0.750000,1.000000,0.000000,0.000000,0.000000,-14.431244,2.200000,0.750000,0.000000,0.000000,0.000000,1.000000,-30.814156,9.757749,0.750000,0.233445,0.000000,0.000000,0.972370,23.219349,0.005197,38.300000,0.461414,-0.535815,0.461414,0.535815,0.000
294,9.704165,23.379992,-2.200000,0.750000,1.000000,0.000000,0.000000,0.000000,-14.547911,2.200000,0.750000,0.000000,0.000000,0.000000,1.000000,-30.938897,9.821308,0.750000,0.233445,0.000000,0.000000,0.972370,23.379345,0.004137,38.300000,0.468498,-0.529632,0.468498,0.529632,4.167
295,9.737498,23.539992,-2.200000,0.750000,1.000000,0.000000,0.000000,0.000000,-14.664578,2.200000,0.750000,0.000000,0.000000,0.000000,1.000000,-31.063638,9.884867,0.750000,0.233445,0.000000,0.000000,0.972370,23.539340,0.003064,38.300000,0.475579,-0.523282,0.475579,0.523282,4.167
296,9.770832,23.699992,-2.200000,0.750000,1.000000,0.000000,0.000000,0.000000,-14.781244,2.200000,0.750000,0.000000,0.000000,0.000000,1.000000,-31.188379,9.948425,0.750000,0.233445,0.000000,0.000000,0.972370,23.699336,0.001980,38.300000,0.482635,-0.516781,0.482635,0.516781,0.000
297,9.799998,23.839992,-2.200000,0.750000,1.000000,0.000000,0.000000,0.000000,-14.883328,2.200000,0.750000,0.000000,0.000000,0.000000,1.000000,-31.297527,10.004039,0.750000,0.233445,0.000000,0.000000,0.972370,23.839332,0.001026,38.300000,0.488773,-0.510980,0.488773,0.510980,4.167
298,9.833332,23.999992,-2.200000,0.750000,1.000000,0.000000,0.000000,0.000000,-14.999994,2.200000,0.750000,0.000000,0.000000,0.000000,1.000000,-31.422268,10.067598,0.750000,0.233445,0.000000,0.000000,0.972370,23.999328,-0.000069,38.300000,0.495724,-0.504240,0.495724,0.504240,0.000
299,9.866665,24.159992,-2.200000,0.750000,1.000000,0.000000,0.000000,0.000000,-15.116661,2.200000,0.750000,0.000000,0.000000,0.000000,1.000000,-31.547009,10.131157,0.750000,0.233445,0.000000,0.000000,0.972370,24.159322,-0.001371,38.300000,0.502587,-0.497399,0.502587,0.497399,4.167
